"2020-10-14";"23:38:02";"WinControl (rev 1112) report file"
"Time (rel/ms)";"Date";"Time";"Type";"No.";"1:F";"1:Fm'";"1:PAR";"1:Y (II)";"1:ETR"
"0";"";"";"D";"";"Device Nr: #1, DIVING-PAM-II (UWFD0100A) ";""
"0";"1970-01-01";"00:00:00";"C";"";"#1: DIVING-PAM-II | ERROR: Low Battery Shutdown ";""
"1602698942995";"2020-10-14";"19:09:02";"SCHS";"";"Chart start ";""
"1602698943000";"2020-10-14";"19:09:03";"C";"";"File Nr. 515 | File Dev. ID #1, DIVING-PAM-II:  ";""
"1602698943005";"2020-10-14";"19:09:03";"SCHE";"";"Chart stop ";""
"1602698965995";"2020-10-14";"19:09:25";"SCHS";"";"Chart start ";""
"1602698966000";"2020-10-14";"19:09:26";"C";"";"File Nr. 516 | File Dev. ID #1, DIVING-PAM-II:  ";""
"1602699020580";"2020-10-14";"19:10:20";"F";"13125";"18";"30";"0";"-";"-"
"1602699025000";"2020-10-14";"19:10:25";"SPEC";"";"PAR: - 32768; Depth: - 337.4 ";""
"1602699026800";"2020-10-14";"19:10:26";"F";"13126";"12";"33";"0";"-";"-"
"1602699031000";"2020-10-14";"19:10:31";"SPEC";"";"PAR: - 32768; Depth: - 337.4 ";""
"1602699043350";"2020-10-14";"19:10:43";"F";"13127";"15";"43";"0";"-";"-"
"1602699046780";"2020-10-14";"19:10:46";"F";"13128";"36";"54";"0";"0.333";"0.0"
"1602699048000";"2020-10-14";"19:10:48";"SPEC";"";"PAR: - 32768; Depth: - 337.4 ";""
"1602699051000";"2020-10-14";"19:10:51";"SPEC";"";"PAR: - 32768; Depth: - 337.4 ";""
"1602699055360";"2020-10-14";"19:10:55";"F";"13129";"102";"176";"0";"0.420";"0.0"
"1602699059380";"2020-10-14";"19:10:59";"F";"13130";"64";"103";"0";"0.379";"0.0"
"1602699060000";"2020-10-14";"19:11:00";"SPEC";"";"PAR: - 32768; Depth: - 337.4 ";""
"1602699064000";"2020-10-14";"19:11:04";"SPEC";"";"PAR: - 32768; Depth: - 337.4 ";""
"1602699067020";"2020-10-14";"19:11:07";"F";"13131";"102";"182";"0";"0.440";"0.0"
"1602699071800";"2020-10-14";"19:11:11";"F";"13132";"79";"138";"0";"0.428";"0.0"
"1602699072000";"2020-10-14";"19:11:12";"SPEC";"";"PAR: - 32768; Depth: - 337.4 ";""
"1602699076000";"2020-10-14";"19:11:16";"SPEC";"";"PAR: - 32768; Depth: - 337.4 ";""
"1602699078200";"2020-10-14";"19:11:18";"F";"13133";"40";"76";"0";"0.474";"0.0"
"1602699082910";"2020-10-14";"19:11:22";"F";"13134";"36";"58";"0";"0.379";"0.0"
"1602699083000";"2020-10-14";"19:11:23";"SPEC";"";"PAR: - 32768; Depth: - 337.4 ";""
"1602699087000";"2020-10-14";"19:11:27";"SPEC";"";"PAR: - 32768; Depth: - 337.4 ";""
"1602699089120";"2020-10-14";"19:11:29";"F";"13135";"79";"161";"0";"0.509";"0.0"
"1602699092870";"2020-10-14";"19:11:32";"F";"13136";"130";"163";"0";"0.202";"0.0"
"1602699093000";"2020-10-14";"19:11:33";"SPEC";"";"PAR: - 32768; Depth: - 337.4 ";""
"1602699097000";"2020-10-14";"19:11:37";"SPEC";"";"PAR: - 32768; Depth: - 337.4 ";""
"1602699098080";"2020-10-14";"19:11:38";"F";"13137";"97";"205";"0";"0.527";"0.0"
"1602699103000";"2020-10-14";"19:11:43";"SPEC";"";"PAR: - 32768; Depth: - 337.4 ";""
"1602699105880";"2020-10-14";"19:11:45";"F";"13138";"18";"68";"0";"0.735";"0.0"
"1602699109000";"2020-10-14";"19:11:49";"SPEC";"";"PAR: - 32768; Depth: - 337.4 ";""
"1602699115220";"2020-10-14";"19:11:55";"F";"13139";"359";"599";"0";"0.401";"0.0"
"1602699120000";"2020-10-14";"19:12:00";"SPEC";"";"PAR: - 32768; Depth: - 337.4 ";""
"1602699121650";"2020-10-14";"19:12:01";"F";"13140";"422";"528";"0";"0.201";"0.0"
"1602699125000";"2020-10-14";"19:12:05";"SPEC";"";"PAR: - 32768; Depth: - 337.4 ";""
"1602699127870";"2020-10-14";"19:12:07";"F";"13141";"410";"501";"0";"0.182";"0.0"
"1602699132000";"2020-10-14";"19:12:12";"SPEC";"";"PAR: - 32768; Depth: - 337.4 ";""
"1602699163570";"2020-10-14";"19:12:43";"F";"13142";"183";"227";"0";"0.194";"0.0"
"1602699167400";"2020-10-14";"19:12:47";"F";"13143";"119";"165";"0";"0.279";"0.0"
"1602699168000";"2020-10-14";"19:12:48";"SPEC";"";"PAR: - 32768; Depth: - 337.4 ";""
"1602699172000";"2020-10-14";"19:12:52";"SPEC";"";"PAR: - 32768; Depth: - 337.4 ";""
"1602699173230";"2020-10-14";"19:12:53";"F";"13144";"109";"177";"0";"0.384";"0.0"
"1602699178000";"2020-10-14";"19:12:58";"SPEC";"";"PAR: - 32768; Depth: - 337.4 ";""
"1602699179710";"2020-10-14";"19:12:59";"F";"13145";"97";"154";"0";"0.370";"0.0"
"1602699183000";"2020-10-14";"19:13:03";"SPEC";"";"PAR: - 32768; Depth: - 337.4 ";""
"1602699186870";"2020-10-14";"19:13:06";"F";"13146";"134";"254";"0";"0.472";"0.0"
"1602699190380";"2020-10-14";"19:13:10";"F";"13147";"132";"216";"0";"0.389";"0.0"
"1602699191000";"2020-10-14";"19:13:11";"SPEC";"";"PAR: - 32768; Depth: - 337.4 ";""
"1602699195000";"2020-10-14";"19:13:15";"SPEC";"";"PAR: - 32768; Depth: - 337.4 ";""
"1602699201920";"2020-10-14";"19:13:21";"F";"13148";"179";"318";"0";"0.437";"0.0"
"1602699205410";"2020-10-14";"19:13:25";"F";"13149";"125";"162";"0";"0.228";"0.0"
"1602699206000";"2020-10-14";"19:13:26";"SPEC";"";"PAR: - 32768; Depth: - 337.4 ";""
"1602699210000";"2020-10-14";"19:13:30";"SPEC";"";"PAR: - 32768; Depth: - 337.4 ";""
"1602699210240";"2020-10-14";"19:13:30";"F";"13150";"170";"295";"0";"0.424";"0.0"
"1602699214000";"2020-10-14";"19:13:34";"SPEC";"";"PAR: - 32768; Depth: - 337.4 ";""
"1602699217230";"2020-10-14";"19:13:37";"F";"13151";"276";"365";"0";"0.244";"0.0"
"1602699222000";"2020-10-14";"19:13:42";"SPEC";"";"PAR: - 32768; Depth: - 337.4 ";""
"1602699223330";"2020-10-14";"19:13:43";"F";"13152";"216";"358";"0";"0.397";"0.0"
"1602699228000";"2020-10-14";"19:13:48";"SPEC";"";"PAR: - 32768; Depth: - 337.4 ";""
"1602699231530";"2020-10-14";"19:13:51";"F";"13153";"162";"290";"0";"0.441";"0.0"
"1602699236000";"2020-10-14";"19:13:56";"SPEC";"";"PAR: - 32768; Depth: - 337.4 ";""
"1602699236380";"2020-10-14";"19:13:56";"F";"13154";"152";"245";"0";"0.380";"0.0"
"1602699241000";"2020-10-14";"19:14:01";"SPEC";"";"PAR: - 32768; Depth: - 337.4 ";""
"1602699244430";"2020-10-14";"19:14:04";"F";"13155";"187";"280";"0";"0.332";"0.0"
"1602699248000";"2020-10-14";"19:14:08";"SPEC";"";"PAR: - 32768; Depth: - 337.4 ";""
"1602699248240";"2020-10-14";"19:14:08";"F";"13156";"225";"365";"0";"0.384";"0.0"
"1602699253000";"2020-10-14";"19:14:13";"SPEC";"";"PAR: - 32768; Depth: - 337.4 ";""
"1602699256340";"2020-10-14";"19:14:16";"F";"13157";"393";"669";"0";"0.413";"0.0"
"1602699259140";"2020-10-14";"19:14:19";"F";"13158";"497";"696";"0";"0.286";"0.0"
"1602699260000";"2020-10-14";"19:14:20";"SPEC";"";"PAR: - 32768; Depth: - 337.4 ";""
"1602699264000";"2020-10-14";"19:14:24";"SPEC";"";"PAR: - 32768; Depth: - 337.4 ";""
"1602699265640";"2020-10-14";"19:14:25";"F";"13159";"211";"325";"0";"0.351";"0.0"
"1602699270000";"2020-10-14";"19:14:30";"SPEC";"";"PAR: - 32768; Depth: - 337.4 ";""
"1602699274350";"2020-10-14";"19:14:34";"F";"13160";"200";"336";"0";"0.405";"0.0"
"1602699279000";"2020-10-14";"19:14:39";"SPEC";"";"PAR: - 32768; Depth: - 337.4 ";""
"1602699287940";"2020-10-14";"19:14:47";"F";"13161";"147";"297";"0";"0.505";"0.0"
"1602699291110";"2020-10-14";"19:14:51";"F";"13162";"314";"462";"0";"0.320";"0.0"
"1602699292000";"2020-10-14";"19:14:52";"SPEC";"";"PAR: - 32768; Depth: - 337.4 ";""
"1602699296000";"2020-10-14";"19:14:56";"SPEC";"";"PAR: - 32768; Depth: - 337.4 ";""
"1602699296780";"2020-10-14";"19:14:56";"F";"13163";"245";"371";"0";"0.340";"0.0"
"1602699301000";"2020-10-14";"19:15:01";"SPEC";"";"PAR: - 32768; Depth: - 337.4 ";""
"1602699321030";"2020-10-14";"19:15:21";"F";"13164";"143";"231";"0";"0.381";"0.0"
"1602699326000";"2020-10-14";"19:15:26";"SPEC";"";"PAR: - 32768; Depth: - 337.4 ";""
"1602699326050";"2020-10-14";"19:15:26";"F";"13165";"63";"111";"0";"0.432";"0.0"
"1602699331000";"2020-10-14";"19:15:31";"SPEC";"";"PAR: - 32768; Depth: - 337.4 ";""
"1602699333960";"2020-10-14";"19:15:33";"F";"13166";"129";"208";"0";"0.380";"0.0"
"1602699337650";"2020-10-14";"19:15:37";"F";"13167";"155";"197";"0";"0.213";"0.0"
"1602699338000";"2020-10-14";"19:15:38";"SPEC";"";"PAR: - 32768; Depth: - 337.4 ";""
"1602699342000";"2020-10-14";"19:15:42";"SPEC";"";"PAR: - 32768; Depth: - 337.4 ";""
"1602699355020";"2020-10-14";"19:15:55";"F";"13168";"80";"162";"0";"0.506";"0.0"
"1602699360000";"2020-10-14";"19:16:00";"SPEC";"";"PAR: - 32768; Depth: - 337.4 ";""
"1602699361310";"2020-10-14";"19:16:01";"F";"13169";"61";"99";"0";"0.384";"0.0"
"1602699366000";"2020-10-14";"19:16:06";"SPEC";"";"PAR: - 32768; Depth: - 337.4 ";""
"1602699367120";"2020-10-14";"19:16:07";"F";"13170";"78";"137";"0";"0.431";"0.0"
"1602699372000";"2020-10-14";"19:16:12";"SPEC";"";"PAR: - 32768; Depth: - 337.4 ";""
"1602699374810";"2020-10-14";"19:16:14";"F";"13171";"204";"304";"0";"0.329";"0.0"
"1602699379000";"2020-10-14";"19:16:19";"SPEC";"";"PAR: - 32768; Depth: - 337.4 ";""
"1602699380420";"2020-10-14";"19:16:20";"F";"13172";"317";"471";"0";"0.327";"0.0"
"1602699380425";"2020-10-14";"19:16:20";"SCHE";"";"Chart stop ";""
"1602699384000";"2020-10-14";"19:16:24";"SPEC";"";"PAR: - 32768; Depth: - 337.4 ";""
"1602699403000";"2020-10-14";"19:16:43";"SPEC";"";"PAR: - 32768; Depth: - 337.4 ";""
"1602699426995";"2020-10-14";"19:17:06";"SCHS";"";"Chart start ";""
"1602699427000";"2020-10-14";"19:17:07";"C";"";"File Nr. 517 | File Dev. ID #1, DIVING-PAM-II:  ";""
"1602699446530";"2020-10-14";"19:17:26";"F";"13173";"12";"24";"0";"-";"-"
"1602699451000";"2020-10-14";"19:17:31";"SPEC";"";"PAR: - 32768; Depth: - 337.4 ";""
"1602699473000";"2020-10-14";"19:17:53";"SPEC";"";"PAR: - 32768; Depth: - 337.4 ";""
"1602699481690";"2020-10-14";"19:18:01";"F";"13174";"11";"41";"0";"-";"-"
"1602699486000";"2020-10-14";"19:18:06";"SPEC";"";"PAR: - 32768; Depth: - 337.4 ";""
"1602699492600";"2020-10-14";"19:18:12";"F";"13175";"9";"42";"0";"-";"-"
"1602699496000";"2020-10-14";"19:18:16";"SPEC";"";"PAR: - 32768; Depth: - 337.4 ";""
"1602699545180";"2020-10-14";"19:19:05";"F";"13176";"8";"40";"0";"-";"-"
"1602699550000";"2020-10-14";"19:19:10";"SPEC";"";"PAR: - 32768; Depth: - 337.4 ";""
"1602699558030";"2020-10-14";"19:19:18";"F";"13177";"17";"31";"0";"-";"-"
"1602699563000";"2020-10-14";"19:19:23";"SPEC";"";"PAR: - 32768; Depth: - 337.4 ";""
"1602699574000";"2020-10-14";"19:19:34";"SPEC";"";"PAR: - 32768; Depth: - 337.4 ";""
"1602699583330";"2020-10-14";"19:19:43";"F";"13178";"12";"34";"0";"-";"-"
"1602699588000";"2020-10-14";"19:19:48";"SPEC";"";"PAR: - 32768; Depth: - 337.4 ";""
"1602699609150";"2020-10-14";"19:20:09";"F";"13179";"13";"31";"0";"-";"-"
"1602699614000";"2020-10-14";"19:20:14";"SPEC";"";"PAR: - 32768; Depth: - 337.4 ";""
"1602699723570";"2020-10-14";"19:22:03";"F";"13180";"5";"37";"0";"-";"-"
"1602699728000";"2020-10-14";"19:22:08";"SPEC";"";"PAR: - 32768; Depth: - 337.4 ";""
"1602699740410";"2020-10-14";"19:22:20";"F";"13181";"3";"32";"0";"-";"-"
"1602699745000";"2020-10-14";"19:22:25";"SPEC";"";"PAR: - 32768; Depth: - 337.4 ";""
"1602699781000";"2020-10-14";"19:23:01";"SPEC";"";"PAR: - 32768; Depth: - 337.4 ";""
"1602699791180";"2020-10-14";"19:23:11";"F";"13182";"5";"36";"0";"-";"-"
"1602699796000";"2020-10-14";"19:23:16";"SPEC";"";"PAR: - 32768; Depth: - 337.4 ";""
"1602699804880";"2020-10-14";"19:23:24";"F";"13183";"10";"32";"0";"-";"-"
"1602699809000";"2020-10-14";"19:23:29";"SPEC";"";"PAR: - 32768; Depth: - 337.4 ";""
"1602699864240";"2020-10-14";"19:24:24";"F";"13184";"0";"11";"0";"-";"-"
"1602699868000";"2020-10-14";"19:24:28";"SPEC";"";"PAR: - 32768; Depth: - 337.4 ";""
"1602699901000";"2020-10-14";"19:25:01";"C";"";"#1: DIVING-PAM-II | ERROR: Low Battery Shutdown ";""
"1602699917000";"2020-10-14";"19:25:17";"C";"";"#1: DIVING-PAM-II | ERROR: Low Battery Shutdown ";""
"1602699938140";"2020-10-14";"19:25:38";"F";"13185";"12";"34";"0";"-";"-"
"1602699943000";"2020-10-14";"19:25:43";"SPEC";"";"PAR: - 32768; Depth: 0.1; Temp.: 29.3 ";""
"1602700025000";"2020-10-14";"19:27:05";"C";"";"#1: DIVING-PAM-II | ERROR: Low Battery Shutdown ";""
"1602700034000";"2020-10-14";"19:27:14";"C";"";"#1: DIVING-PAM-II | ERROR: Low Battery Shutdown ";""
"1602700136830";"2020-10-14";"19:28:56";"F";"13186";"7";"31";"0";"-";"-"
"1602700140000";"2020-10-14";"19:29:00";"SPEC";"";"PAR: - 32768; Depth: - 337.4 ";""
"1602700145680";"2020-10-14";"19:29:05";"F";"13187";"13";"25";"0";"-";"-"
"1602700145685";"2020-10-14";"19:29:05";"SCHE";"";"Chart stop ";""
"1602700150000";"2020-10-14";"19:29:10";"SPEC";"";"PAR: - 32768; Depth: - 337.4 ";""
"1602700202000";"2020-10-14";"19:30:02";"SPEC";"";"PAR: - 32768; Depth: - 337.4 ";""
"1602700350995";"2020-10-14";"19:32:30";"SCHS";"";"Chart start ";""
"1602700351000";"2020-10-14";"19:32:31";"C";"";"File Nr. 518 | File Dev. ID #1, DIVING-PAM-II:  ";""
"1602700351005";"2020-10-14";"19:32:31";"SCHE";"";"Chart stop ";""
"1602700351995";"2020-10-14";"19:32:31";"SCHS";"";"Chart start ";""
"1602700352000";"2020-10-14";"19:32:32";"C";"";"File Nr. 519 | File Dev. ID #1, DIVING-PAM-II:  ";""
"1602700352005";"2020-10-14";"19:32:32";"SCHE";"";"Chart stop ";""
"1602700353995";"2020-10-14";"19:32:33";"SCHS";"";"Chart start ";""
"1602700354000";"2020-10-14";"19:32:34";"C";"";"File Nr. 520 | File Dev. ID #1, DIVING-PAM-II:  ";""
"1602700387690";"2020-10-14";"19:33:07";"F";"13188";"247";"313";"0";"0.211";"0.0"
"1602700391000";"2020-10-14";"19:33:11";"SPEC";"";"PAR: - 32768; Depth: - 337.4 ";""
"1602700392540";"2020-10-14";"19:33:12";"F";"13189";"261";"330";"0";"0.209";"0.0"
"1602700396000";"2020-10-14";"19:33:16";"SPEC";"";"PAR: - 32768; Depth: - 337.4 ";""
"1602700400380";"2020-10-14";"19:33:20";"F";"13190";"71";"99";"0";"0.283";"0.0"
"1602700404000";"2020-10-14";"19:33:24";"SPEC";"";"PAR: - 32768; Depth: - 337.4 ";""
"1602700406420";"2020-10-14";"19:33:26";"F";"13191";"122";"166";"0";"0.265";"0.0"
"1602700411000";"2020-10-14";"19:33:31";"SPEC";"";"PAR: - 32768; Depth: - 337.4 ";""
"1602700412870";"2020-10-14";"19:33:32";"F";"13192";"180";"211";"0";"0.147";"0.0"
"1602700417000";"2020-10-14";"19:33:37";"SPEC";"";"PAR: - 32768; Depth: - 337.4 ";""
"1602700417300";"2020-10-14";"19:33:37";"F";"13193";"184";"301";"0";"0.389";"0.0"
"1602700422000";"2020-10-14";"19:33:42";"SPEC";"";"PAR: - 32768; Depth: - 337.4 ";""
"1602700424300";"2020-10-14";"19:33:44";"F";"13194";"431";"526";"0";"0.181";"0.0"
"1602700429000";"2020-10-14";"19:33:49";"SPEC";"";"PAR: - 32768; Depth: - 337.4 ";""
"1602700429580";"2020-10-14";"19:33:49";"F";"13195";"143";"157";"0";"0.089";"0.0"
"1602700434000";"2020-10-14";"19:33:54";"SPEC";"";"PAR: - 32768; Depth: - 337.4 ";""
"1602700442830";"2020-10-14";"19:34:02";"F";"13196";"260";"354";"0";"0.266";"0.0"
"1602700447000";"2020-10-14";"19:34:07";"SPEC";"";"PAR: - 32768; Depth: - 337.4 ";""
"1602700453670";"2020-10-14";"19:34:13";"F";"13197";"82";"111";"0";"0.261";"0.0"
"1602700457000";"2020-10-14";"19:34:17";"SPEC";"";"PAR: - 32768; Depth: - 337.4 ";""
"1602700464530";"2020-10-14";"19:34:24";"F";"13198";"376";"522";"0";"0.280";"0.0"
"1602700468000";"2020-10-14";"19:34:28";"SPEC";"";"PAR: - 32768; Depth: - 337.4 ";""
"1602700469910";"2020-10-14";"19:34:29";"F";"13199";"429";"512";"0";"0.162";"0.0"
"1602700474000";"2020-10-14";"19:34:34";"SPEC";"";"PAR: - 32768; Depth: - 337.4 ";""
"1602700480160";"2020-10-14";"19:34:40";"F";"13200";"122";"162";"0";"0.247";"0.0"
"1602700484000";"2020-10-14";"19:34:44";"SPEC";"";"PAR: - 32768; Depth: - 337.4 ";""
"1602700484990";"2020-10-14";"19:34:44";"F";"13201";"236";"405";"0";"0.417";"0.0"
"1602700489000";"2020-10-14";"19:34:49";"SPEC";"";"PAR: - 32768; Depth: - 337.4 ";""
"1602700492350";"2020-10-14";"19:34:52";"F";"13202";"187";"240";"0";"0.221";"0.0"
"1602700496150";"2020-10-14";"19:34:56";"F";"13203";"244";"273";"0";"0.106";"0.0"
"1602700497000";"2020-10-14";"19:34:57";"SPEC";"";"PAR: - 32768; Depth: - 337.4 ";""
"1602700501000";"2020-10-14";"19:35:01";"SPEC";"";"PAR: - 32768; Depth: - 337.4 ";""
"1602700503040";"2020-10-14";"19:35:03";"F";"13204";"353";"413";"0";"0.145";"0.0"
"1602700507000";"2020-10-14";"19:35:07";"SPEC";"";"PAR: - 32768; Depth: - 337.4 ";""
"1602700512750";"2020-10-14";"19:35:12";"F";"13205";"196";"281";"0";"0.302";"0.0"
"1602700517000";"2020-10-14";"19:35:17";"SPEC";"";"PAR: - 32768; Depth: - 337.4 ";""
"1602700520790";"2020-10-14";"19:35:20";"F";"13206";"627";"790";"0";"0.206";"0.0"
"1602700524970";"2020-10-14";"19:35:24";"F";"13207";"469";"617";"0";"0.240";"0.0"
"1602700525000";"2020-10-14";"19:35:25";"SPEC";"";"PAR: - 32768; Depth: - 337.4 ";""
"1602700529000";"2020-10-14";"19:35:29";"SPEC";"";"PAR: - 32768; Depth: - 337.4 ";""
"1602700540030";"2020-10-14";"19:35:40";"F";"13208";"250";"340";"0";"0.265";"0.0"
"1602700545000";"2020-10-14";"19:35:45";"SPEC";"";"PAR: - 32768; Depth: - 337.4 ";""
"1602700546910";"2020-10-14";"19:35:46";"F";"13209";"478";"609";"0";"0.215";"0.0"
"1602700551000";"2020-10-14";"19:35:51";"SPEC";"";"PAR: - 32768; Depth: - 337.4 ";""
"1602700557990";"2020-10-14";"19:35:57";"F";"13210";"487";"664";"0";"0.267";"0.0"
"1602700561000";"2020-10-14";"19:36:01";"SPEC";"";"PAR: - 32768; Depth: - 337.4 ";""
"1602700561280";"2020-10-14";"19:36:01";"F";"13211";"329";"505";"0";"0.349";"0.0"
"1602700566000";"2020-10-14";"19:36:06";"SPEC";"";"PAR: - 32768; Depth: - 337.4 ";""
"1602700568340";"2020-10-14";"19:36:08";"F";"13212";"262";"338";"0";"0.225";"0.0"
"1602700573000";"2020-10-14";"19:36:13";"SPEC";"";"PAR: - 32768; Depth: - 337.4 ";""
"1602700576280";"2020-10-14";"19:36:16";"F";"13213";"100";"161";"0";"0.379";"0.0"
"1602700581000";"2020-10-14";"19:36:21";"SPEC";"";"PAR: - 32768; Depth: - 337.4 ";""
"1602700584350";"2020-10-14";"19:36:24";"F";"13214";"445";"600";"0";"0.258";"0.0"
"1602700588930";"2020-10-14";"19:36:28";"F";"13215";"419";"524";"0";"0.200";"0.0"
"1602700589000";"2020-10-14";"19:36:29";"SPEC";"";"PAR: - 32768; Depth: - 337.4 ";""
"1602700593000";"2020-10-14";"19:36:33";"SPEC";"";"PAR: - 32768; Depth: - 337.4 ";""
"1602700594270";"2020-10-14";"19:36:34";"F";"13216";"379";"506";"0";"0.251";"0.0"
"1602700598000";"2020-10-14";"19:36:38";"SPEC";"";"PAR: - 32768; Depth: - 337.4 ";""
"1602700598360";"2020-10-14";"19:36:38";"F";"13217";"240";"397";"0";"0.395";"0.0"
"1602700603000";"2020-10-14";"19:36:43";"SPEC";"";"PAR: - 32768; Depth: - 337.4 ";""
"1602700606200";"2020-10-14";"19:36:46";"F";"13218";"30";"48";"0";"-";"-"
"1602700610000";"2020-10-14";"19:36:50";"SPEC";"";"PAR: - 32768; Depth: - 337.4 ";""
"1602700611650";"2020-10-14";"19:36:51";"F";"13219";"81";"168";"0";"0.518";"0.0"
"1602700616000";"2020-10-14";"19:36:56";"SPEC";"";"PAR: - 32768; Depth: - 337.4 ";""
"1602700616050";"2020-10-14";"19:36:56";"F";"13220";"326";"621";"0";"0.475";"0.0"
"1602700621000";"2020-10-14";"19:37:01";"SPEC";"";"PAR: - 32768; Depth: - 337.4 ";""
"1602700624770";"2020-10-14";"19:37:04";"F";"13221";"279";"316";"0";"0.117";"0.0"
"1602700628000";"2020-10-14";"19:37:08";"SPEC";"";"PAR: - 32768; Depth: - 337.4 ";""
"1602700628740";"2020-10-14";"19:37:08";"F";"13222";"331";"385";"0";"0.140";"0.0"
"1602700633000";"2020-10-14";"19:37:13";"SPEC";"";"PAR: - 32768; Depth: - 337.4 ";""
"1602700636840";"2020-10-14";"19:37:16";"F";"13223";"118";"157";"0";"0.248";"0.0"
"1602700641000";"2020-10-14";"19:37:21";"SPEC";"";"PAR: - 32768; Depth: - 337.4 ";""
"1602700646730";"2020-10-14";"19:37:26";"F";"13224";"76";"121";"0";"0.372";"0.0"
"1602700651000";"2020-10-14";"19:37:31";"SPEC";"";"PAR: - 32768; Depth: - 337.4 ";""
"1602700653300";"2020-10-14";"19:37:33";"F";"13225";"510";"605";"0";"0.157";"0.0"
"1602700657000";"2020-10-14";"19:37:37";"SPEC";"";"PAR: - 32768; Depth: - 337.4 ";""
"1602700657300";"2020-10-14";"19:37:37";"F";"13226";"302";"375";"0";"0.195";"0.0"
"1602700662000";"2020-10-14";"19:37:42";"SPEC";"";"PAR: - 32768; Depth: - 337.4 ";""
"1602700663890";"2020-10-14";"19:37:43";"F";"13227";"123";"175";"0";"0.297";"0.0"
"1602700668000";"2020-10-14";"19:37:48";"SPEC";"";"PAR: - 32768; Depth: - 337.4 ";""
"1602700672090";"2020-10-14";"19:37:52";"F";"13228";"183";"280";"0";"0.346";"0.0"
"1602700676000";"2020-10-14";"19:37:56";"SPEC";"";"PAR: - 32768; Depth: - 337.4 ";""
"1602700678370";"2020-10-14";"19:37:58";"F";"13229";"175";"288";"0";"0.392";"0.0"
"1602700678375";"2020-10-14";"19:37:58";"SCHE";"";"Chart stop ";""
"1602700683000";"2020-10-14";"19:38:03";"SPEC";"";"PAR: - 32768; Depth: - 337.4 ";""
"1602700766995";"2020-10-14";"19:39:26";"SCHS";"";"Chart start ";""
"1602700767000";"2020-10-14";"19:39:27";"C";"";"File Nr. 521 | File Dev. ID #1, DIVING-PAM-II:  ";""
"1602700826230";"2020-10-14";"19:40:26";"F";"13230";"341";"430";"0";"0.207";"0.0"
"1602700831000";"2020-10-14";"19:40:31";"SPEC";"";"PAR: - 32768; Depth: - 337.4 ";""
"1602700831550";"2020-10-14";"19:40:31";"F";"13231";"140";"190";"0";"0.263";"0.0"
"1602700835000";"2020-10-14";"19:40:35";"SPEC";"";"PAR: - 32768; Depth: - 337.4 ";""
"1602700836810";"2020-10-14";"19:40:36";"F";"13232";"278";"371";"0";"0.251";"0.0"
"1602700839970";"2020-10-14";"19:40:39";"F";"13233";"258";"340";"0";"0.241";"0.0"
"1602700841000";"2020-10-14";"19:40:41";"SPEC";"";"PAR: - 32768; Depth: - 337.4 ";""
"1602700844000";"2020-10-14";"19:40:44";"SPEC";"";"PAR: - 32768; Depth: - 337.4 ";""
"1602700844440";"2020-10-14";"19:40:44";"F";"13234";"289";"419";"0";"0.310";"0.0"
"1602700847060";"2020-10-14";"19:40:47";"F";"13235";"308";"391";"0";"0.212";"0.0"
"1602700849000";"2020-10-14";"19:40:49";"SPEC";"";"PAR: - 32768; Depth: - 337.4 ";""
"1602700852000";"2020-10-14";"19:40:52";"SPEC";"";"PAR: - 32768; Depth: - 337.4 ";""
"1602700854420";"2020-10-14";"19:40:54";"F";"13236";"265";"313";"0";"0.153";"0.0"
"1602700858530";"2020-10-14";"19:40:58";"F";"13237";"244";"290";"0";"0.159";"0.0"
"1602700859000";"2020-10-14";"19:40:59";"SPEC";"";"PAR: - 32768; Depth: - 337.4 ";""
"1602700863000";"2020-10-14";"19:41:03";"SPEC";"";"PAR: - 32768; Depth: - 337.4 ";""
"1602700864990";"2020-10-14";"19:41:04";"F";"13238";"243";"298";"0";"0.185";"0.0"
"1602700868030";"2020-10-14";"19:41:08";"F";"13239";"246";"362";"0";"0.320";"0.0"
"1602700869000";"2020-10-14";"19:41:09";"SPEC";"";"PAR: - 32768; Depth: - 337.4 ";""
"1602700873000";"2020-10-14";"19:41:13";"SPEC";"";"PAR: - 32768; Depth: - 337.4 ";""
"1602700878030";"2020-10-14";"19:41:18";"F";"13240";"221";"293";"0";"0.246";"0.0"
"1602700882400";"2020-10-14";"19:41:22";"F";"13241";"233";"330";"0";"0.294";"0.0"
"1602700883000";"2020-10-14";"19:41:23";"SPEC";"";"PAR: - 32768; Depth: - 337.4 ";""
"1602700886000";"2020-10-14";"19:41:26";"SPEC";"";"PAR: - 32768; Depth: - 337.4 ";""
"1602700891560";"2020-10-14";"19:41:31";"F";"13242";"151";"204";"0";"0.260";"0.0"
"1602700896000";"2020-10-14";"19:41:36";"SPEC";"";"PAR: - 32768; Depth: - 337.4 ";""
"1602700897380";"2020-10-14";"19:41:37";"F";"13243";"280";"383";"0";"0.269";"0.0"
"1602700902000";"2020-10-14";"19:41:42";"SPEC";"";"PAR: - 32768; Depth: - 337.4 ";""
"1602700904330";"2020-10-14";"19:41:44";"F";"13244";"221";"227";"0";"0.026";"0.0"
"1602700909000";"2020-10-14";"19:41:49";"SPEC";"";"PAR: - 32768; Depth: - 337.4 ";""
"1602700910930";"2020-10-14";"19:41:50";"F";"13245";"106";"137";"0";"0.226";"0.0"
"1602700915000";"2020-10-14";"19:41:55";"SPEC";"";"PAR: - 32768; Depth: - 337.4 ";""
"1602700915870";"2020-10-14";"19:41:55";"F";"13246";"129";"155";"0";"0.168";"0.0"
"1602700920000";"2020-10-14";"19:42:00";"SPEC";"";"PAR: - 32768; Depth: - 337.4 ";""
"1602700921530";"2020-10-14";"19:42:01";"F";"13247";"323";"323";"0";"0.000";"0.0"
"1602700924050";"2020-10-14";"19:42:04";"F";"13248";"157";"214";"0";"0.266";"0.0"
"1602700925000";"2020-10-14";"19:42:05";"SPEC";"";"PAR: - 32768; Depth: - 337.4 ";""
"1602700929000";"2020-10-14";"19:42:09";"SPEC";"";"PAR: - 32768; Depth: - 337.4 ";""
"1602700929250";"2020-10-14";"19:42:09";"F";"13249";"190";"248";"0";"0.234";"0.0"
"1602700934000";"2020-10-14";"19:42:14";"SPEC";"";"PAR: - 32768; Depth: - 337.4 ";""
"1602700939590";"2020-10-14";"19:42:19";"F";"13250";"210";"374";"0";"0.439";"0.0"
"1602700944000";"2020-10-14";"19:42:24";"SPEC";"";"PAR: - 32768; Depth: - 337.4 ";""
"1602700954100";"2020-10-14";"19:42:34";"F";"13251";"219";"396";"0";"0.447";"0.0"
"1602700958000";"2020-10-14";"19:42:38";"SPEC";"";"PAR: - 32768; Depth: - 337.4 ";""
"1602700960450";"2020-10-14";"19:42:40";"F";"13252";"289";"356";"0";"0.188";"0.0"
"1602700964320";"2020-10-14";"19:42:44";"F";"13253";"280";"360";"0";"0.222";"0.0"
"1602700965000";"2020-10-14";"19:42:45";"SPEC";"";"PAR: - 32768; Depth: - 337.4 ";""
"1602700969000";"2020-10-14";"19:42:49";"SPEC";"";"PAR: - 32768; Depth: - 337.4 ";""
"1602700988420";"2020-10-14";"19:43:08";"F";"13254";"297";"379";"0";"0.216";"0.0"
"1602700992490";"2020-10-14";"19:43:12";"F";"13255";"206";"283";"0";"0.272";"0.0"
"1602700993000";"2020-10-14";"19:43:13";"SPEC";"";"PAR: - 32768; Depth: - 337.4 ";""
"1602700997000";"2020-10-14";"19:43:17";"SPEC";"";"PAR: - 32768; Depth: - 337.4 ";""
"1602700997370";"2020-10-14";"19:43:17";"F";"13256";"342";"476";"0";"0.282";"0.0"
"1602701002000";"2020-10-14";"19:43:22";"SPEC";"";"PAR: - 32768; Depth: - 337.4 ";""
"1602701002590";"2020-10-14";"19:43:22";"F";"13257";"325";"419";"0";"0.224";"0.0"
"1602701007000";"2020-10-14";"19:43:27";"SPEC";"";"PAR: - 32768; Depth: - 337.4 ";""
"1602701008120";"2020-10-14";"19:43:28";"F";"13258";"227";"319";"0";"0.288";"0.0"
"1602701013000";"2020-10-14";"19:43:33";"SPEC";"";"PAR: - 32768; Depth: - 337.4 ";""
"1602701014450";"2020-10-14";"19:43:34";"F";"13259";"270";"377";"0";"0.284";"0.0"
"1602701019000";"2020-10-14";"19:43:39";"SPEC";"";"PAR: - 32768; Depth: - 337.4 ";""
"1602701020150";"2020-10-14";"19:43:40";"F";"13260";"321";"453";"0";"0.291";"0.0"
"1602701024000";"2020-10-14";"19:43:44";"SPEC";"";"PAR: - 32768; Depth: - 337.4 ";""
"1602701024540";"2020-10-14";"19:43:44";"F";"13261";"277";"346";"0";"0.199";"0.0"
"1602701029000";"2020-10-14";"19:43:49";"SPEC";"";"PAR: - 32768; Depth: - 337.4 ";""
"1602701030780";"2020-10-14";"19:43:50";"F";"13262";"99";"126";"0";"0.214";"0.0"
"1602701034000";"2020-10-14";"19:43:54";"SPEC";"";"PAR: - 32768; Depth: - 337.4 ";""
"1602701034770";"2020-10-14";"19:43:54";"F";"13263";"173";"244";"0";"0.291";"0.0"
"1602701038000";"2020-10-14";"19:43:58";"SPEC";"";"PAR: - 32768; Depth: - 337.4 ";""
"1602701039920";"2020-10-14";"19:43:59";"F";"13264";"277";"308";"0";"0.101";"0.0"
"1602701043390";"2020-10-14";"19:44:03";"F";"13265";"180";"237";"0";"0.241";"0.0"
"1602701044000";"2020-10-14";"19:44:04";"SPEC";"";"PAR: - 32768; Depth: - 337.4 ";""
"1602701048000";"2020-10-14";"19:44:08";"SPEC";"";"PAR: - 32768; Depth: - 337.4 ";""
"1602701052890";"2020-10-14";"19:44:12";"F";"13266";"264";"407";"0";"0.351";"0.0"
"1602701057000";"2020-10-14";"19:44:17";"SPEC";"";"PAR: - 32768; Depth: - 337.4 ";""
"1602701069860";"2020-10-14";"19:44:29";"F";"13267";"243";"382";"0";"0.364";"0.0"
"1602701074000";"2020-10-14";"19:44:34";"SPEC";"";"PAR: - 32768; Depth: - 337.4 ";""
"1602701079290";"2020-10-14";"19:44:39";"F";"13268";"294";"417";"0";"0.295";"0.0"
"1602701084000";"2020-10-14";"19:44:44";"SPEC";"";"PAR: - 32768; Depth: - 337.4 ";""
"1602701084470";"2020-10-14";"19:44:44";"F";"13269";"260";"402";"0";"0.353";"0.0"
"1602701089000";"2020-10-14";"19:44:49";"SPEC";"";"PAR: - 32768; Depth: - 337.4 ";""
"1602701091590";"2020-10-14";"19:44:51";"F";"13270";"26";"51";"0";"0.490";"0.0"
"1602701096000";"2020-10-14";"19:44:56";"SPEC";"";"PAR: - 32768; Depth: - 337.4 ";""
"1602701097750";"2020-10-14";"19:44:57";"F";"13271";"162";"188";"0";"0.138";"0.0"
"1602701101000";"2020-10-14";"19:45:01";"SPEC";"";"PAR: - 32768; Depth: - 337.4 ";""
"1602701103640";"2020-10-14";"19:45:03";"F";"13272";"148";"209";"0";"0.292";"0.0"
"1602701108000";"2020-10-14";"19:45:08";"SPEC";"";"PAR: - 32768; Depth: - 337.4 ";""
"1602701117660";"2020-10-14";"19:45:17";"F";"13273";"317";"393";"0";"0.193";"0.0"
"1602701120200";"2020-10-14";"19:45:20";"F";"13274";"322";"490";"0";"0.343";"0.0"
"1602701120205";"2020-10-14";"19:45:20";"SCHE";"";"Chart stop ";""
"1602701121000";"2020-10-14";"19:45:21";"SPEC";"";"PAR: - 32768; Depth: - 337.4 ";""
"1602701125000";"2020-10-14";"19:45:25";"SPEC";"";"PAR: - 32768; Depth: - 337.4 ";""
"1602701155995";"2020-10-14";"19:45:55";"SCHS";"";"Chart start ";""
"1602701156000";"2020-10-14";"19:45:56";"C";"";"File Nr. 522 | File Dev. ID #1, DIVING-PAM-II:  ";""
"1602701193360";"2020-10-14";"19:46:33";"F";"13275";"272";"369";"0";"0.263";"0.0"
"1602701197000";"2020-10-14";"19:46:37";"SPEC";"";"PAR: - 32768; Depth: - 337.4 ";""
"1602701197940";"2020-10-14";"19:46:37";"F";"13276";"227";"382";"0";"0.406";"0.0"
"1602701202000";"2020-10-14";"19:46:42";"SPEC";"";"PAR: - 32768; Depth: - 337.4 ";""
"1602701217430";"2020-10-14";"19:46:57";"F";"13277";"124";"154";"0";"0.195";"0.0"
"1602701221560";"2020-10-14";"19:47:01";"F";"13278";"218";"275";"0";"0.207";"0.0"
"1602701222000";"2020-10-14";"19:47:02";"SPEC";"";"PAR: - 32768; Depth: - 337.4 ";""
"1602701225570";"2020-10-14";"19:47:05";"F";"13279";"329";"473";"0";"0.304";"0.0"
"1602701226000";"2020-10-14";"19:47:06";"SPEC";"";"PAR: - 32768; Depth: - 337.4 ";""
"1602701229740";"2020-10-14";"19:47:09";"F";"13280";"340";"493";"0";"0.310";"0.0"
"1602701230000";"2020-10-14";"19:47:10";"SPEC";"";"PAR: - 32768; Depth: - 337.4 ";""
"1602701233000";"2020-10-14";"19:47:13";"SPEC";"";"PAR: - 32768; Depth: - 337.4 ";""
"1602701233840";"2020-10-14";"19:47:13";"F";"13281";"385";"483";"0";"0.203";"0.0"
"1602701238000";"2020-10-14";"19:47:18";"SPEC";"";"PAR: - 32768; Depth: - 337.4 ";""
"1602701239870";"2020-10-14";"19:47:19";"F";"13282";"128";"169";"0";"0.243";"0.0"
"1602701244000";"2020-10-14";"19:47:24";"SPEC";"";"PAR: - 32768; Depth: - 337.4 ";""
"1602701245350";"2020-10-14";"19:47:25";"F";"13283";"223";"469";"0";"0.525";"0.0"
"1602701249000";"2020-10-14";"19:47:29";"SPEC";"";"PAR: - 32768; Depth: - 337.4 ";""
"1602701249280";"2020-10-14";"19:47:29";"F";"13284";"312";"539";"0";"0.421";"0.0"
"1602701253000";"2020-10-14";"19:47:33";"SPEC";"";"PAR: - 32768; Depth: - 337.4 ";""
"1602701254040";"2020-10-14";"19:47:34";"F";"13285";"215";"331";"0";"0.350";"0.0"
"1602701258000";"2020-10-14";"19:47:38";"SPEC";"";"PAR: - 32768; Depth: - 337.4 ";""
"1602701259180";"2020-10-14";"19:47:39";"F";"13286";"261";"316";"0";"0.174";"0.0"
"1602701264000";"2020-10-14";"19:47:44";"SPEC";"";"PAR: - 32768; Depth: - 337.4 ";""
"1602701271710";"2020-10-14";"19:47:51";"F";"13287";"127";"213";"0";"0.404";"0.0"
"1602701275000";"2020-10-14";"19:47:55";"SPEC";"";"PAR: - 32768; Depth: - 337.4 ";""
"1602701281750";"2020-10-14";"19:48:01";"F";"13288";"313";"442";"0";"0.292";"0.0"
"1602701285000";"2020-10-14";"19:48:05";"SPEC";"";"PAR: - 32768; Depth: - 337.4 ";""
"1602701287660";"2020-10-14";"19:48:07";"F";"13289";"284";"344";"0";"0.174";"0.0"
"1602701291000";"2020-10-14";"19:48:11";"SPEC";"";"PAR: - 32768; Depth: - 337.4 ";""
"1602701291470";"2020-10-14";"19:48:11";"F";"13290";"190";"244";"0";"0.221";"0.0"
"1602701296000";"2020-10-14";"19:48:16";"SPEC";"";"PAR: - 32768; Depth: - 337.4 ";""
"1602701296270";"2020-10-14";"19:48:16";"F";"13291";"213";"403";"0";"0.471";"0.0"
"1602701301000";"2020-10-14";"19:48:21";"SPEC";"";"PAR: - 32768; Depth: - 337.4 ";""
"1602701305540";"2020-10-14";"19:48:25";"F";"13292";"267";"409";"0";"0.347";"0.0"
"1602701310000";"2020-10-14";"19:48:30";"SPEC";"";"PAR: - 32768; Depth: - 337.4 ";""
"1602701310530";"2020-10-14";"19:48:30";"F";"13293";"265";"419";"0";"0.368";"0.0"
"1602701315000";"2020-10-14";"19:48:35";"SPEC";"";"PAR: - 32768; Depth: - 337.4 ";""
"1602701317850";"2020-10-14";"19:48:37";"F";"13294";"249";"371";"0";"0.329";"0.0"
"1602701322000";"2020-10-14";"19:48:42";"SPEC";"";"PAR: - 32768; Depth: - 337.4 ";""
"1602701327430";"2020-10-14";"19:48:47";"F";"13295";"125";"151";"0";"0.172";"0.0"
"1602701332000";"2020-10-14";"19:48:52";"SPEC";"";"PAR: - 32768; Depth: - 337.4 ";""
"1602701332950";"2020-10-14";"19:48:52";"F";"13296";"167";"241";"0";"0.307";"0.0"
"1602701337000";"2020-10-14";"19:48:57";"SPEC";"";"PAR: - 32768; Depth: - 337.4 ";""
"1602701340130";"2020-10-14";"19:49:00";"F";"13297";"281";"352";"0";"0.202";"0.0"
"1602701345000";"2020-10-14";"19:49:05";"SPEC";"";"PAR: - 32768; Depth: - 337.4 ";""
"1602701353370";"2020-10-14";"19:49:13";"F";"13298";"100";"131";"0";"0.237";"0.0"
"1602701357930";"2020-10-14";"19:49:17";"F";"13299";"168";"260";"0";"0.354";"0.0"
"1602701358000";"2020-10-14";"19:49:18";"SPEC";"";"PAR: - 32768; Depth: - 337.4 ";""
"1602701362000";"2020-10-14";"19:49:22";"SPEC";"";"PAR: - 32768; Depth: - 337.4 ";""
"1602701365120";"2020-10-14";"19:49:25";"F";"13300";"293";"446";"0";"0.343";"0.0"
"1602701370000";"2020-10-14";"19:49:30";"SPEC";"";"PAR: - 32768; Depth: - 337.4 ";""
"1602701372280";"2020-10-14";"19:49:32";"F";"13301";"159";"241";"0";"0.340";"0.0"
"1602701376000";"2020-10-14";"19:49:36";"SPEC";"";"PAR: - 32768; Depth: - 337.4 ";""
"1602701377760";"2020-10-14";"19:49:37";"F";"13302";"285";"426";"0";"0.331";"0.0"
"1602701381830";"2020-10-14";"19:49:41";"F";"13303";"207";"280";"0";"0.261";"0.0"
"1602701382000";"2020-10-14";"19:49:42";"SPEC";"";"PAR: - 32768; Depth: - 337.4 ";""
"1602701386000";"2020-10-14";"19:49:46";"SPEC";"";"PAR: - 32768; Depth: - 337.4 ";""
"1602701388030";"2020-10-14";"19:49:48";"F";"13304";"168";"227";"0";"0.260";"0.0"
"1602701393000";"2020-10-14";"19:49:53";"SPEC";"";"PAR: - 32768; Depth: - 337.4 ";""
"1602701393310";"2020-10-14";"19:49:53";"F";"13305";"241";"394";"0";"0.388";"0.0"
"1602701398000";"2020-10-14";"19:49:58";"SPEC";"";"PAR: - 32768; Depth: - 337.4 ";""
"1602701401350";"2020-10-14";"19:50:01";"F";"13306";"219";"369";"0";"0.407";"0.0"
"1602701406000";"2020-10-14";"19:50:06";"SPEC";"";"PAR: - 32768; Depth: - 337.4 ";""
"1602701406280";"2020-10-14";"19:50:06";"F";"13307";"248";"339";"0";"0.268";"0.0"
"1602701411000";"2020-10-14";"19:50:11";"SPEC";"";"PAR: - 32768; Depth: - 337.4 ";""
"1602701413590";"2020-10-14";"19:50:13";"F";"13308";"247";"348";"0";"0.290";"0.0"
"1602701418000";"2020-10-14";"19:50:18";"SPEC";"";"PAR: - 32768; Depth: - 337.4 ";""
"1602701419940";"2020-10-14";"19:50:19";"F";"13309";"229";"298";"0";"0.232";"0.0"
"1602701424000";"2020-10-14";"19:50:24";"SPEC";"";"PAR: - 32768; Depth: - 337.4 ";""
"1602701425440";"2020-10-14";"19:50:25";"F";"13310";"167";"177";"0";"0.056";"0.0"
"1602701430000";"2020-10-14";"19:50:30";"SPEC";"";"PAR: - 32768; Depth: - 337.4 ";""
"1602701430380";"2020-10-14";"19:50:30";"F";"13311";"151";"190";"0";"0.205";"0.0"
"1602701435000";"2020-10-14";"19:50:35";"SPEC";"";"PAR: - 32768; Depth: - 337.4 ";""
"1602701437530";"2020-10-14";"19:50:37";"F";"13312";"169";"240";"0";"0.296";"0.0"
"1602701442000";"2020-10-14";"19:50:42";"SPEC";"";"PAR: - 32768; Depth: - 337.4 ";""
"1602701445250";"2020-10-14";"19:50:45";"F";"13313";"291";"420";"0";"0.307";"0.0"
"1602701450000";"2020-10-14";"19:50:50";"SPEC";"";"PAR: - 32768; Depth: - 337.4 ";""
"1602701450080";"2020-10-14";"19:50:50";"F";"13314";"325";"377";"0";"0.138";"0.0"
"1602701455000";"2020-10-14";"19:50:55";"SPEC";"";"PAR: - 32768; Depth: - 337.4 ";""
"1602701457720";"2020-10-14";"19:50:57";"F";"13315";"239";"387";"0";"0.382";"0.0"
"1602701462000";"2020-10-14";"19:51:02";"SPEC";"";"PAR: - 32768; Depth: - 337.4 ";""
"1602701468170";"2020-10-14";"19:51:08";"F";"13316";"123";"171";"0";"0.281";"0.0"
"1602701472970";"2020-10-14";"19:51:12";"F";"13317";"138";"219";"0";"0.370";"0.0"
"1602701472975";"2020-10-14";"19:51:12";"SCHE";"";"Chart stop ";""
"1602701473000";"2020-10-14";"19:51:13";"SPEC";"";"PAR: - 32768; Depth: - 337.4 ";""
"1602701477000";"2020-10-14";"19:51:17";"SPEC";"";"PAR: - 32768; Depth: - 337.4 ";""
"1602701539995";"2020-10-14";"19:52:19";"SCHS";"";"Chart start ";""
"1602701540000";"2020-10-14";"19:52:20";"C";"";"File Nr. 523 | File Dev. ID #1, DIVING-PAM-II:  ";""
"1602701622310";"2020-10-14";"19:53:42";"F";"13318";"161";"281";"0";"0.427";"0.0"
"1602701626760";"2020-10-14";"19:53:46";"F";"13319";"294";"492";"0";"0.402";"0.0"
"1602701627000";"2020-10-14";"19:53:47";"SPEC";"";"PAR: - 32768; Depth: - 337.4 ";""
"1602701631000";"2020-10-14";"19:53:51";"SPEC";"";"PAR: - 32768; Depth: - 337.4 ";""
"1602701632110";"2020-10-14";"19:53:52";"F";"13320";"295";"564";"0";"0.477";"0.0"
"1602701635740";"2020-10-14";"19:53:55";"F";"13321";"241";"396";"0";"0.391";"0.0"
"1602701637000";"2020-10-14";"19:53:57";"SPEC";"";"PAR: - 32768; Depth: - 337.4 ";""
"1602701640000";"2020-10-14";"19:54:00";"SPEC";"";"PAR: - 32768; Depth: - 337.4 ";""
"1602701643080";"2020-10-14";"19:54:03";"F";"13322";"432";"657";"0";"0.342";"0.0"
"1602701647330";"2020-10-14";"19:54:07";"F";"13323";"269";"404";"0";"0.334";"0.0"
"1602701648000";"2020-10-14";"19:54:08";"SPEC";"";"PAR: - 32768; Depth: - 337.4 ";""
"1602701652000";"2020-10-14";"19:54:12";"SPEC";"";"PAR: - 32768; Depth: - 337.4 ";""
"1602701653740";"2020-10-14";"19:54:13";"F";"13324";"258";"389";"0";"0.337";"0.0"
"1602701657880";"2020-10-14";"19:54:17";"F";"13325";"290";"424";"0";"0.316";"0.0"
"1602701658000";"2020-10-14";"19:54:18";"SPEC";"";"PAR: - 32768; Depth: - 337.4 ";""
"1602701662000";"2020-10-14";"19:54:22";"SPEC";"";"PAR: - 32768; Depth: - 337.4 ";""
"1602701666840";"2020-10-14";"19:54:26";"F";"13326";"96";"128";"0";"0.250";"0.0"
"1602701670970";"2020-10-14";"19:54:30";"F";"13327";"396";"697";"0";"0.432";"0.0"
"1602701671000";"2020-10-14";"19:54:31";"SPEC";"";"PAR: - 32768; Depth: - 337.4 ";""
"1602701675000";"2020-10-14";"19:54:35";"SPEC";"";"PAR: - 32768; Depth: - 337.4 ";""
"1602701680650";"2020-10-14";"19:54:40";"F";"13328";"325";"521";"0";"0.376";"0.0"
"1602701685000";"2020-10-14";"19:54:45";"SPEC";"";"PAR: - 32768; Depth: - 337.4 ";""
"1602701685210";"2020-10-14";"19:54:45";"F";"13329";"319";"535";"0";"0.404";"0.0"
"1602701690000";"2020-10-14";"19:54:50";"SPEC";"";"PAR: - 32768; Depth: - 337.4 ";""
"1602701694230";"2020-10-14";"19:54:54";"F";"13330";"191";"303";"0";"0.370";"0.0"
"1602701699000";"2020-10-14";"19:54:59";"SPEC";"";"PAR: - 32768; Depth: - 337.4 ";""
"1602701699890";"2020-10-14";"19:54:59";"F";"13331";"325";"522";"0";"0.377";"0.0"
"1602701704000";"2020-10-14";"19:55:04";"SPEC";"";"PAR: - 32768; Depth: - 337.4 ";""
"1602701704630";"2020-10-14";"19:55:04";"F";"13332";"294";"448";"0";"0.344";"0.0"
"1602701708330";"2020-10-14";"19:55:08";"F";"13333";"263";"399";"0";"0.341";"0.0"
"1602701709000";"2020-10-14";"19:55:09";"SPEC";"";"PAR: - 32768; Depth: - 337.4 ";""
"1602701712000";"2020-10-14";"19:55:12";"SPEC";"";"PAR: - 32768; Depth: - 337.4 ";""
"1602701715310";"2020-10-14";"19:55:15";"F";"13334";"157";"284";"0";"0.447";"0.0"
"1602701718630";"2020-10-14";"19:55:18";"F";"13335";"239";"416";"0";"0.425";"0.0"
"1602701720000";"2020-10-14";"19:55:20";"SPEC";"";"PAR: - 32768; Depth: - 337.4 ";""
"1602701723000";"2020-10-14";"19:55:23";"SPEC";"";"PAR: - 32768; Depth: - 337.4 ";""
"1602701734920";"2020-10-14";"19:55:34";"F";"13336";"173";"438";"0";"0.605";"0.0"
"1602701737440";"2020-10-14";"19:55:37";"F";"13337";"281";"513";"0";"0.452";"0.0"
"1602701738000";"2020-10-14";"19:55:38";"SPEC";"";"PAR: - 32768; Depth: - 337.4 ";""
"1602701742000";"2020-10-14";"19:55:42";"SPEC";"";"PAR: - 32768; Depth: - 337.4 ";""
"1602701746720";"2020-10-14";"19:55:46";"F";"13338";"159";"329";"0";"0.517";"0.0"
"1602701750000";"2020-10-14";"19:55:50";"SPEC";"";"PAR: - 32768; Depth: - 337.4 ";""
"1602701751840";"2020-10-14";"19:55:51";"F";"13339";"240";"366";"0";"0.344";"0.0"
"1602701755690";"2020-10-14";"19:55:55";"F";"13340";"295";"499";"0";"0.409";"0.0"
"1602701756000";"2020-10-14";"19:55:56";"SPEC";"";"PAR: - 32768; Depth: - 337.4 ";""
"1602701759000";"2020-10-14";"19:55:59";"SPEC";"";"PAR: - 32768; Depth: - 337.4 ";""
"1602701767550";"2020-10-14";"19:56:07";"F";"13341";"163";"183";"0";"0.109";"0.0"
"1602701771320";"2020-10-14";"19:56:11";"F";"13342";"169";"228";"0";"0.259";"0.0"
"1602701772000";"2020-10-14";"19:56:12";"SPEC";"";"PAR: - 32768; Depth: - 337.4 ";""
"1602701776000";"2020-10-14";"19:56:16";"SPEC";"";"PAR: - 32768; Depth: - 337.4 ";""
"1602701778230";"2020-10-14";"19:56:18";"F";"13343";"283";"416";"0";"0.320";"0.0"
"1602701783000";"2020-10-14";"19:56:23";"SPEC";"";"PAR: - 32768; Depth: - 337.4 ";""
"1602701787310";"2020-10-14";"19:56:27";"F";"13344";"478";"802";"0";"0.404";"0.0"
"1602701791470";"2020-10-14";"19:56:31";"F";"13345";"347";"654";"0";"0.469";"0.0"
"1602701792000";"2020-10-14";"19:56:32";"SPEC";"";"PAR: - 32768; Depth: - 337.4 ";""
"1602701796000";"2020-10-14";"19:56:36";"SPEC";"";"PAR: - 32768; Depth: - 337.4 ";""
"1602701797910";"2020-10-14";"19:56:37";"F";"13346";"262";"409";"0";"0.359";"0.0"
"1602701801780";"2020-10-14";"19:56:41";"F";"13347";"348";"663";"0";"0.475";"0.0"
"1602701802000";"2020-10-14";"19:56:42";"SPEC";"";"PAR: - 32768; Depth: - 337.4 ";""
"1602701806000";"2020-10-14";"19:56:46";"SPEC";"";"PAR: - 32768; Depth: - 337.4 ";""
"1602701812650";"2020-10-14";"19:56:52";"F";"13348";"206";"324";"0";"0.364";"0.0"
"1602701817000";"2020-10-14";"19:56:57";"SPEC";"";"PAR: - 32768; Depth: - 337.4 ";""
"1602701817070";"2020-10-14";"19:56:57";"F";"13349";"125";"228";"0";"0.452";"0.0"
"1602701822000";"2020-10-14";"19:57:02";"SPEC";"";"PAR: - 32768; Depth: - 337.4 ";""
"1602701824890";"2020-10-14";"19:57:04";"F";"13350";"201";"285";"0";"0.295";"0.0"
"1602701829000";"2020-10-14";"19:57:09";"SPEC";"";"PAR: - 32768; Depth: - 337.4 ";""
"1602701830440";"2020-10-14";"19:57:10";"F";"13351";"275";"465";"0";"0.409";"0.0"
"1602701835000";"2020-10-14";"19:57:15";"SPEC";"";"PAR: - 32768; Depth: - 337.4 ";""
"1602701837900";"2020-10-14";"19:57:17";"F";"13352";"136";"265";"0";"0.487";"0.0"
"1602701842000";"2020-10-14";"19:57:22";"SPEC";"";"PAR: - 32768; Depth: - 337.4 ";""
"1602701842200";"2020-10-14";"19:57:22";"F";"13353";"164";"283";"0";"0.420";"0.0"
"1602701847000";"2020-10-14";"19:57:27";"SPEC";"";"PAR: - 32768; Depth: - 337.4 ";""
"1602701847870";"2020-10-14";"19:57:27";"F";"13354";"231";"505";"0";"0.543";"0.0"
"1602701851000";"2020-10-14";"19:57:31";"SPEC";"";"PAR: - 32768; Depth: - 337.4 ";""
"1602701852900";"2020-10-14";"19:57:32";"F";"13355";"255";"548";"0";"0.535";"0.0"
"1602701856000";"2020-10-14";"19:57:36";"SPEC";"";"PAR: - 32768; Depth: - 337.4 ";""
"1602701858680";"2020-10-14";"19:57:38";"F";"13356";"269";"488";"0";"0.449";"0.0"
"1602701862000";"2020-10-14";"19:57:42";"SPEC";"";"PAR: - 32768; Depth: - 337.4 ";""
"1602701862080";"2020-10-14";"19:57:42";"F";"13357";"297";"603";"0";"0.507";"0.0"
"1602701867000";"2020-10-14";"19:57:47";"SPEC";"";"PAR: - 32768; Depth: - 337.4 ";""
"1602701884390";"2020-10-14";"19:58:04";"F";"13358";"156";"272";"0";"0.426";"0.0"
"1602701889000";"2020-10-14";"19:58:09";"SPEC";"";"PAR: - 32768; Depth: - 337.4 ";""
"1602701889790";"2020-10-14";"19:58:09";"F";"13359";"134";"282";"0";"0.525";"0.0"
"1602701894000";"2020-10-14";"19:58:14";"SPEC";"";"PAR: - 32768; Depth: - 337.4 ";""
"1602701896350";"2020-10-14";"19:58:16";"F";"13360";"102";"167";"0";"0.389";"0.0"
"1602701901000";"2020-10-14";"19:58:21";"SPEC";"";"PAR: - 32768; Depth: - 337.4 ";""
"1602701905340";"2020-10-14";"19:58:25";"F";"13361";"196";"400";"0";"0.510";"0.0"
"1602701910000";"2020-10-14";"19:58:30";"SPEC";"";"PAR: - 32768; Depth: - 337.4 ";""
"1602701914110";"2020-10-14";"19:58:34";"F";"13362";"158";"388";"0";"0.593";"0.0"
"1602701914115";"2020-10-14";"19:58:34";"SCHE";"";"Chart stop ";""
"1602701919000";"2020-10-14";"19:58:39";"SPEC";"";"PAR: - 32768; Depth: - 337.4 ";""
"1602701982995";"2020-10-14";"19:59:42";"SCHS";"";"Chart start ";""
"1602701983000";"2020-10-14";"19:59:43";"C";"";"File Nr. 524 | File Dev. ID #1, DIVING-PAM-II:  ";""
"1602702018350";"2020-10-14";"20:00:18";"F";"13363";"434";"741";"0";"0.414";"0.0"
"1602702022830";"2020-10-14";"20:00:22";"F";"13364";"424";"907";"0";"0.533";"0.0"
"1602702023000";"2020-10-14";"20:00:23";"SPEC";"";"PAR: - 32768; Depth: - 337.4 ";""
"1602702027000";"2020-10-14";"20:00:27";"SPEC";"";"PAR: - 32768; Depth: - 337.4 ";""
"1602702027910";"2020-10-14";"20:00:27";"F";"13365";"275";"371";"0";"0.259";"0.0"
"1602702030060";"2020-10-14";"20:00:30";"F";"13366";"329";"467";"0";"0.296";"0.0"
"1602702032000";"2020-10-14";"20:00:32";"SPEC";"";"PAR: - 32768; Depth: - 337.4 ";""
"1602702035000";"2020-10-14";"20:00:35";"SPEC";"";"PAR: - 32768; Depth: - 337.4 ";""
"1602702035640";"2020-10-14";"20:00:35";"F";"13367";"247";"528";"0";"0.532";"0.0"
"1602702039830";"2020-10-14";"20:00:39";"F";"13368";"268";"510";"0";"0.475";"0.0"
"1602702040000";"2020-10-14";"20:00:40";"SPEC";"";"PAR: - 32768; Depth: - 337.4 ";""
"1602702044000";"2020-10-14";"20:00:44";"SPEC";"";"PAR: - 32768; Depth: - 337.4 ";""
"1602702046540";"2020-10-14";"20:00:46";"F";"13369";"221";"458";"0";"0.517";"0.0"
"1602702049580";"2020-10-14";"20:00:49";"F";"13370";"323";"585";"0";"0.448";"0.0"
"1602702051000";"2020-10-14";"20:00:51";"SPEC";"";"PAR: - 32768; Depth: - 337.4 ";""
"1602702054000";"2020-10-14";"20:00:54";"SPEC";"";"PAR: - 32768; Depth: - 337.4 ";""
"1602702131290";"2020-10-14";"20:02:11";"F";"13371";"214";"372";"0";"0.425";"0.0"
"1602702135650";"2020-10-14";"20:02:15";"F";"13372";"345";"555";"0";"0.378";"0.0"
"1602702136000";"2020-10-14";"20:02:16";"SPEC";"";"PAR: - 32768; Depth: - 337.4 ";""
"1602702140000";"2020-10-14";"20:02:20";"SPEC";"";"PAR: - 32768; Depth: - 337.4 ";""
"1602702140220";"2020-10-14";"20:02:20";"F";"13373";"369";"575";"0";"0.358";"0.0"
"1602702143330";"2020-10-14";"20:02:23";"F";"13374";"338";"520";"0";"0.350";"0.0"
"1602702145000";"2020-10-14";"20:02:25";"SPEC";"";"PAR: - 32768; Depth: - 337.4 ";""
"1602702148000";"2020-10-14";"20:02:28";"SPEC";"";"PAR: - 32768; Depth: - 337.4 ";""
"1602702152390";"2020-10-14";"20:02:32";"F";"13375";"353";"599";"0";"0.411";"0.0"
"1602702156000";"2020-10-14";"20:02:36";"SPEC";"";"PAR: - 32768; Depth: - 337.4 ";""
"1602702156960";"2020-10-14";"20:02:36";"F";"13376";"334";"641";"0";"0.479";"0.0"
"1602702161000";"2020-10-14";"20:02:41";"SPEC";"";"PAR: - 32768; Depth: - 337.4 ";""
"1602702166490";"2020-10-14";"20:02:46";"F";"13377";"118";"210";"0";"0.438";"0.0"
"1602702170240";"2020-10-14";"20:02:50";"F";"13378";"247";"435";"0";"0.432";"0.0"
"1602702171000";"2020-10-14";"20:02:51";"SPEC";"";"PAR: - 32768; Depth: - 337.4 ";""
"1602702175000";"2020-10-14";"20:02:55";"SPEC";"";"PAR: - 32768; Depth: - 337.4 ";""
"1602702177830";"2020-10-14";"20:02:57";"F";"13379";"196";"320";"0";"0.388";"0.0"
"1602702181000";"2020-10-14";"20:03:01";"SPEC";"";"PAR: - 32768; Depth: - 337.4 ";""
"1602702184560";"2020-10-14";"20:03:04";"F";"13380";"251";"515";"0";"0.513";"0.0"
"1602702188530";"2020-10-14";"20:03:08";"F";"13381";"320";"557";"0";"0.425";"0.0"
"1602702189000";"2020-10-14";"20:03:09";"SPEC";"";"PAR: - 32768; Depth: - 337.4 ";""
"1602702193000";"2020-10-14";"20:03:13";"SPEC";"";"PAR: - 32768; Depth: - 337.4 ";""
"1602702203440";"2020-10-14";"20:03:23";"F";"13382";"196";"392";"0";"0.500";"0.0"
"1602702206240";"2020-10-14";"20:03:26";"F";"13383";"331";"721";"0";"0.541";"0.0"
"1602702207000";"2020-10-14";"20:03:27";"SPEC";"";"PAR: - 32768; Depth: - 337.4 ";""
"1602702211000";"2020-10-14";"20:03:31";"SPEC";"";"PAR: - 32768; Depth: - 337.4 ";""
"1602702218560";"2020-10-14";"20:03:38";"F";"13384";"326";"610";"0";"0.466";"0.0"
"1602702221960";"2020-10-14";"20:03:41";"F";"13385";"405";"813";"0";"0.502";"0.0"
"1602702223000";"2020-10-14";"20:03:43";"SPEC";"";"PAR: - 32768; Depth: - 337.4 ";""
"1602702226000";"2020-10-14";"20:03:46";"SPEC";"";"PAR: - 32768; Depth: - 337.4 ";""
"1602702238380";"2020-10-14";"20:03:58";"F";"13386";"282";"491";"0";"0.426";"0.0"
"1602702242210";"2020-10-14";"20:04:02";"F";"13387";"308";"463";"0";"0.335";"0.0"
"1602702243000";"2020-10-14";"20:04:03";"SPEC";"";"PAR: - 32768; Depth: - 337.4 ";""
"1602702247000";"2020-10-14";"20:04:07";"SPEC";"";"PAR: - 32768; Depth: - 337.4 ";""
"1602702252220";"2020-10-14";"20:04:12";"F";"13388";"486";"731";"0";"0.335";"0.0"
"1602702257000";"2020-10-14";"20:04:17";"SPEC";"";"PAR: - 32768; Depth: - 337.4 ";""
"1602702258610";"2020-10-14";"20:04:18";"F";"13389";"386";"647";"0";"0.403";"0.0"
"1602702262000";"2020-10-14";"20:04:22";"SPEC";"";"PAR: - 32768; Depth: - 337.4 ";""
"1602702263030";"2020-10-14";"20:04:23";"F";"13390";"304";"482";"0";"0.369";"0.0"
"1602702268000";"2020-10-14";"20:04:28";"SPEC";"";"PAR: - 32768; Depth: - 337.4 ";""
"1602702270940";"2020-10-14";"20:04:30";"F";"13391";"198";"376";"0";"0.473";"0.0"
"1602702275000";"2020-10-14";"20:04:35";"SPEC";"";"PAR: - 32768; Depth: - 337.4 ";""
"1602702279590";"2020-10-14";"20:04:39";"F";"13392";"195";"303";"0";"0.356";"0.0"
"1602702283240";"2020-10-14";"20:04:43";"F";"13393";"300";"452";"0";"0.336";"0.0"
"1602702284000";"2020-10-14";"20:04:44";"SPEC";"";"PAR: - 32768; Depth: - 337.4 ";""
"1602702288000";"2020-10-14";"20:04:48";"SPEC";"";"PAR: - 32768; Depth: - 337.4 ";""
"1602702291390";"2020-10-14";"20:04:51";"F";"13394";"407";"793";"0";"0.487";"0.0"
"1602702295340";"2020-10-14";"20:04:55";"F";"13395";"337";"678";"0";"0.503";"0.0"
"1602702296000";"2020-10-14";"20:04:56";"SPEC";"";"PAR: - 32768; Depth: - 337.4 ";""
"1602702300000";"2020-10-14";"20:05:00";"SPEC";"";"PAR: - 32768; Depth: - 337.4 ";""
"1602702301490";"2020-10-14";"20:05:01";"F";"13396";"341";"478";"0";"0.287";"0.0"
"1602702306000";"2020-10-14";"20:05:06";"SPEC";"";"PAR: - 32768; Depth: - 337.4 ";""
"1602702306800";"2020-10-14";"20:05:06";"F";"13397";"236";"407";"0";"0.420";"0.0"
"1602702310000";"2020-10-14";"20:05:10";"SPEC";"";"PAR: - 32768; Depth: - 337.4 ";""
"1602702311690";"2020-10-14";"20:05:11";"F";"13398";"220";"226";"0";"0.027";"0.0"
"1602702315000";"2020-10-14";"20:05:15";"SPEC";"";"PAR: - 32768; Depth: - 337.4 ";""
"1602702317030";"2020-10-14";"20:05:17";"F";"13399";"259";"349";"0";"0.258";"0.0"
"1602702322000";"2020-10-14";"20:05:22";"SPEC";"";"PAR: - 32768; Depth: - 337.4 ";""
"1602702322540";"2020-10-14";"20:05:22";"F";"13400";"207";"299";"0";"0.308";"0.0"
"1602702327000";"2020-10-14";"20:05:27";"SPEC";"";"PAR: - 32768; Depth: - 337.4 ";""
"1602702328570";"2020-10-14";"20:05:28";"F";"13401";"204";"323";"0";"0.368";"0.0"
"1602702332470";"2020-10-14";"20:05:32";"F";"13402";"304";"500";"0";"0.392";"0.0"
"1602702333000";"2020-10-14";"20:05:33";"SPEC";"";"PAR: - 32768; Depth: - 337.4 ";""
"1602702337000";"2020-10-14";"20:05:37";"SPEC";"";"PAR: - 32768; Depth: - 337.4 ";""
"1602702340550";"2020-10-14";"20:05:40";"F";"13403";"241";"435";"0";"0.446";"0.0"
"1602702345000";"2020-10-14";"20:05:45";"SPEC";"";"PAR: - 32768; Depth: - 337.4 ";""
"1602702346650";"2020-10-14";"20:05:46";"F";"13404";"276";"556";"0";"0.504";"0.0"
"1602702346655";"2020-10-14";"20:05:46";"SCHE";"";"Chart stop ";""
"1602702351000";"2020-10-14";"20:05:51";"SPEC";"";"PAR: - 32768; Depth: - 337.4 ";""
