"","Time (rel/ms)","Date","Time","Type","No.","1:F","1:Fm'","1:PAR","1:Y (II)","1:ETR"
"1",5,2020-10-13,18:46:57,"C",NA,"File Nr. 483 | File Dev. ID #1, DIVING-PAM-II:",NA,NA,NA,NA
"2",235475,2020-10-13,18:50:52,"F",12178,"0",36,0,"-","-"
"3",243525,2020-10-13,18:51:00,"F",12179,"0",28,0,"-","-"
"4",271455,2020-10-13,18:51:28,"F",12180,"20",29,0,"-","-"
"5",280305,2020-10-13,18:51:37,"F",12181,"15",32,0,"-","-"
"6",286025,2020-10-13,18:51:43,"F",12182,"163",185,0,"0.119","0.0"
"7",293125,2020-10-13,18:51:50,"F",12183,"230",257,0,"0.105","0.0"
"8",298965,2020-10-13,18:51:55,"F",12184,"55",94,0,"0.415","0.0"
"9",304765,2020-10-13,18:52:01,"F",12185,"46",67,0,"0.313","0.0"
"10",314165,2020-10-13,18:52:11,"F",12186,"31",43,0,"-","-"
"11",325935,2020-10-13,18:52:22,"F",12187,"7",20,0,"-","-"
"12",330375,2020-10-13,18:52:27,"F",12188,"8",20,0,"-","-"
"13",373765,2020-10-13,18:53:10,"F",12189,"312",335,0,"0.069","0.0"
"14",381775,2020-10-13,18:53:18,"F",12190,"170",242,0,"0.298","0.0"
"15",397125,2020-10-13,18:53:34,"F",12191,"53",63,0,"0.159","0.0"
"16",403085,2020-10-13,18:53:40,"F",12192,"57",87,0,"0.345","0.0"
"17",412685,2020-10-13,18:53:49,"F",12193,"56",67,0,"0.164","0.0"
"18",421455,2020-10-13,18:53:58,"F",12194,"76",104,0,"0.269","0.0"
"19",428185,2020-10-13,18:54:05,"F",12195,"19",51,0,"0.627","0.0"
"20",436885,2020-10-13,18:54:13,"F",12196,"35",46,0,"-","-"
"21",445595,2020-10-13,18:54:22,"F",12197,"31",62,0,"0.500","0.0"
"22",452285,2020-10-13,18:54:29,"F",12198,"25",37,0,"-","-"
"23",460885,2020-10-13,18:54:37,"F",12199,"43",59,0,"0.271","0.0"
"24",481525,2020-10-13,18:54:58,"F",12200,"38",71,0,"0.465","0.0"
"25",492285,2020-10-13,18:55:09,"F",12201,"16",33,0,"-","-"
"26",508875,2020-10-13,18:55:25,"F",12202,"8",27,0,"-","-"
"27",527215,2020-10-13,18:55:44,"F",12203,"10",31,0,"-","-"
"28",537435,2020-10-13,18:55:54,"F",12204,"9",28,0,"-","-"
"29",551315,2020-10-13,18:56:08,"F",12205,"15",48,0,"-","-"
"30",572755,2020-10-13,18:56:29,"F",12206,"11",20,0,"-","-"
"31",581605,2020-10-13,18:56:38,"F",12207,"6",34,0,"-","-"
"32",588075,2020-10-13,18:56:45,"F",12208,"175",200,0,"0.125","0.0"
"33",600545,2020-10-13,18:56:57,"F",12209,"28",31,0,"-","-"
"34",606125,2020-10-13,18:57:03,"F",12210,"0",31,0,"-","-"
"35",614555,2020-10-13,18:57:11,"F",12211,"19",49,0,"-","-"
"36",619905,2020-10-13,18:57:16,"F",12212,"27",44,0,"-","-"
"37",627585,2020-10-13,18:57:24,"F",12213,"47",72,0,"0.347","0.0"
"38",636935,2020-10-13,18:57:33,"F",12214,"60",84,0,"0.286","0.0"
"39",644955,2020-10-13,18:57:41,"F",12215,"50",62,0,"0.194","0.0"
"40",652925,2020-10-13,18:57:49,"F",12216,"22",53,0,"0.585","0.0"
"41",660195,2020-10-13,18:57:57,"F",12217,"35",59,0,"0.407","0.0"
"42",673335,2020-10-13,18:58:10,"F",12218,"44",64,0,"0.313","0.0"
"43",681095,2020-10-13,18:58:18,"F",12219,"44",64,0,"0.313","0.0"
"44",695225,2020-10-13,18:58:32,"F",12220,"46",77,0,"0.403","0.0"
"45",709845,2020-10-13,18:58:46,"F",12221,"56",69,0,"0.188","0.0"
"46",720845,2020-10-13,18:58:57,"F",12222,"36",46,0,"-","-"
"47",891005,2020-10-13,19:01:48,"C",NA,"File Nr. 484 | File Dev. ID #1, DIVING-PAM-II:",NA,NA,NA,NA
"48",927255,2020-10-13,19:02:24,"F",12223,"135",154,0,"0.123","0.0"
"49",931835,2020-10-13,19:02:28,"F",12224,"129",253,0,"0.490","0.0"
"50",942765,2020-10-13,19:02:39,"F",12225,"135",179,0,"0.246","0.0"
"51",958495,2020-10-13,19:02:55,"F",12226,"141",175,0,"0.194","0.0"
"52",968045,2020-10-13,19:03:05,"F",12227,"138",186,0,"0.258","0.0"
"53",973195,2020-10-13,19:03:10,"F",12228,"150",264,0,"0.432","0.0"
"54",978725,2020-10-13,19:03:15,"F",12229,"147",147,0,"0.000","0.0"
"55",984895,2020-10-13,19:03:21,"F",12230,"21",55,0,"0.618","0.0"
"56",988155,2020-10-13,19:03:25,"F",12231,"9",70,0,"-","-"
"57",997285,2020-10-13,19:03:34,"F",12232,"81",103,0,"0.214","0.0"
"58",1020435,2020-10-13,19:03:57,"F",12233,"41",61,0,"0.328","0.0"
"59",1028265,2020-10-13,19:04:05,"F",12234,"40",49,0,"-","-"
"60",1037275,2020-10-13,19:04:14,"F",12235,"252",296,0,"0.149","0.0"
"61",1047935,2020-10-13,19:04:24,"F",12236,"90",107,0,"0.159","0.0"
"62",1055555,2020-10-13,19:04:32,"F",12237,"248",459,0,"0.460","0.0"
"63",1061335,2020-10-13,19:04:38,"F",12238,"313",434,0,"0.279","0.0"
"64",1067175,2020-10-13,19:04:44,"F",12239,"198",314,0,"0.369","0.0"
"65",1077485,2020-10-13,19:04:54,"F",12240,"262",322,0,"0.186","0.0"
"66",1087655,2020-10-13,19:05:04,"F",12241,"152",193,0,"0.212","0.0"
"67",1105525,2020-10-13,19:05:22,"F",12242,"87",114,0,"0.237","0.0"
"68",1110475,2020-10-13,19:05:27,"F",12243,"102",129,0,"0.209","0.0"
"69",1116225,2020-10-13,19:05:33,"F",12244,"229",300,0,"0.237","0.0"
"70",1123555,2020-10-13,19:05:40,"F",12245,"88",122,0,"0.279","0.0"
"71",1134145,2020-10-13,19:05:51,"F",12246,"109",176,0,"0.381","0.0"
"72",1138555,2020-10-13,19:05:55,"F",12247,"342",399,0,"0.143","0.0"
"73",1146555,2020-10-13,19:06:03,"F",12248,"141",252,0,"0.440","0.0"
"74",1151805,2020-10-13,19:06:08,"F",12249,"256",293,0,"0.126","0.0"
"75",1163305,2020-10-13,19:06:20,"F",12250,"30",46,0,"-","-"
"76",1171565,2020-10-13,19:06:28,"F",12251,"33",51,0,"0.353","0.0"
"77",1178265,2020-10-13,19:06:35,"F",12252,"214",263,0,"0.186","0.0"
"78",1184915,2020-10-13,19:06:41,"F",12253,"221",340,0,"0.350","0.0"
"79",1192805,2020-10-13,19:06:49,"F",12254,"62",97,0,"0.361","0.0"
"80",1202675,2020-10-13,19:06:59,"F",12255,"42",156,0,"0.731","0.0"
"81",1209905,2020-10-13,19:07:06,"F",12256,"129",172,0,"0.250","0.0"
"82",1223045,2020-10-13,19:07:20,"F",12257,"83",103,0,"0.194","0.0"
"83",1238325,2020-10-13,19:07:35,"F",12258,"37",61,0,"0.393","0.0"
"84",1248785,2020-10-13,19:07:45,"F",12259,"77",90,0,"0.144","0.0"
"85",1258445,2020-10-13,19:07:55,"F",12260,"62",93,0,"0.333","0.0"
"86",1263535,2020-10-13,19:08:00,"F",12261,"20",49,0,"-","-"
"87",1278485,2020-10-13,19:08:15,"F",12262,"25",46,0,"-","-"
"88",1293375,2020-10-13,19:08:30,"F",12263,"23",45,0,"-","-"
"89",1300335,2020-10-13,19:08:37,"F",12264,"212",267,0,"0.206","0.0"
"90",1307455,2020-10-13,19:08:44,"F",12265,"134",232,0,"0.422","0.0"
"91",1320375,2020-10-13,19:08:57,"F",12266,"108",134,0,"0.194","0.0"
"92",1328845,2020-10-13,19:09:05,"F",12267,"103",132,0,"0.220","0.0"
"93",1339615,2020-10-13,19:09:16,"F",12268,"84",167,0,"0.497","0.0"
"94",1344915,2020-10-13,19:09:21,"F",12269,"107",158,0,"0.323","0.0"
"95",1353395,2020-10-13,19:09:30,"F",12270,"62",81,0,"0.235","0.0"
"96",1361545,2020-10-13,19:09:38,"F",12271,"86",102,0,"0.157","0.0"
"97",1384945,2020-10-13,19:10:01,"F",12272,"89",116,0,"0.233","0.0"
"98",1390965,2020-10-13,19:10:07,"F",12273,"103",135,0,"0.237","0.0"
"99",1401005,2020-10-13,19:10:18,"C",NA,"File Nr. 485 | File Dev. ID #1, DIVING-PAM-II:",NA,NA,NA,NA
"100",1401005,2020-10-13,19:10:18,"C",NA,"File Nr. 486 | File Dev. ID #1, DIVING-PAM-II:",NA,NA,NA,NA
"101",1402005,2020-10-13,19:10:19,"C",NA,"File Nr. 487 | File Dev. ID #1, DIVING-PAM-II:",NA,NA,NA,NA
"102",1402005,2020-10-13,19:10:19,"C",NA,"File Nr. 488 | File Dev. ID #1, DIVING-PAM-II:",NA,NA,NA,NA
"103",1402005,2020-10-13,19:10:19,"C",NA,"File Nr. 489 | File Dev. ID #1, DIVING-PAM-II:",NA,NA,NA,NA
"104",1403005,2020-10-13,19:10:20,"C",NA,"File Nr. 490 | File Dev. ID #1, DIVING-PAM-II:",NA,NA,NA,NA
"105",1403005,2020-10-13,19:10:20,"C",NA,"File Nr. 491 | File Dev. ID #1, DIVING-PAM-II:",NA,NA,NA,NA
"106",1405005,2020-10-13,19:10:22,"C",NA,"File Nr. 492 | File Dev. ID #1, DIVING-PAM-II:",NA,NA,NA,NA
"107",5,2020-10-13,19:10:22,"C",NA,"File Nr. 493 | File Dev. ID #1, DIVING-PAM-II:",NA,NA,NA,NA
"108",70005,2020-10-13,19:11:32,"C",NA,"File Nr. 494 | File Dev. ID #1, DIVING-PAM-II:",NA,NA,NA,NA
"109",100905,2020-10-13,19:12:02,"F",12274,"10",40,0,"-","-"
"110",105965,2020-10-13,19:12:07,"F",12275,"20",37,0,"-","-"
"111",113265,2020-10-13,19:12:15,"F",12276,"55",99,0,"0.444","0.0"
"112",116025,2020-10-13,19:12:18,"F",12277,"52",64,0,"0.188","0.0"
"113",123885,2020-10-13,19:12:25,"F",12278,"130",159,0,"0.182","0.0"
"114",126595,2020-10-13,19:12:28,"F",12279,"350",458,0,"0.236","0.0"
"115",131105,2020-10-13,19:12:33,"F",12280,"178",448,0,"0.603","0.0"
"116",136175,2020-10-13,19:12:38,"F",12281,"131",207,0,"0.367","0.0"
"117",142495,2020-10-13,19:12:44,"F",12282,"167",263,0,"0.365","0.0"
"118",151145,2020-10-13,19:12:53,"F",12283,"171",300,0,"0.430","0.0"
"119",155775,2020-10-13,19:12:57,"F",12284,"272",362,0,"0.249","0.0"
"120",166825,2020-10-13,19:13:08,"F",12285,"12",28,0,"-","-"
"121",171155,2020-10-13,19:13:13,"F",12286,"17",38,0,"-","-"
"122",176055,2020-10-13,19:13:18,"F",12287,"215",470,0,"0.543","0.0"
"123",186445,2020-10-13,19:13:28,"F",12288,"236",412,0,"0.427","0.0"
"124",194735,2020-10-13,19:13:36,"F",12289,"214",373,0,"0.426","0.0"
"125",204045,2020-10-13,19:13:46,"F",12290,"240",376,0,"0.362","0.0"
"126",218465,2020-10-13,19:14:00,"F",12291,"501",650,0,"0.229","0.0"
"127",226665,2020-10-13,19:14:08,"F",12292,"84",132,0,"0.364","0.0"
"128",234535,2020-10-13,19:14:16,"F",12293,"88",130,0,"0.323","0.0"
"129",244955,2020-10-13,19:14:26,"F",12294,"163",217,0,"0.249","0.0"
"130",256175,2020-10-13,19:14:38,"F",12295,"52",92,0,"0.435","0.0"
"131",264155,2020-10-13,19:14:46,"F",12296,"98",118,0,"0.169","0.0"
"132",275025,2020-10-13,19:14:57,"F",12297,"84",111,0,"0.243","0.0"
"133",280625,2020-10-13,19:15:02,"F",12298,"160",344,0,"0.535","0.0"
"134",285925,2020-10-13,19:15:07,"F",12299,"70",106,0,"0.340","0.0"
"135",294175,2020-10-13,19:15:16,"F",12300,"83",145,0,"0.428","0.0"
"136",300565,2020-10-13,19:15:22,"F",12301,"372",622,0,"0.402","0.0"
"137",304405,2020-10-13,19:15:26,"F",12302,"531",658,0,"0.193","0.0"
"138",311665,2020-10-13,19:15:33,"F",12303,"229",283,0,"0.191","0.0"
"139",329735,2020-10-13,19:15:51,"F",12304,"138",282,0,"0.511","0.0"
"140",336755,2020-10-13,19:15:58,"F",12305,"150",268,0,"0.440","0.0"
"141",345835,2020-10-13,19:16:07,"F",12306,"170",254,0,"0.331","0.0"
"142",349595,2020-10-13,19:16:11,"F",12307,"242",514,0,"0.529","0.0"
"143",355945,2020-10-13,19:16:17,"F",12308,"203",402,0,"0.495","0.0"
"144",364895,2020-10-13,19:16:26,"F",12309,"261",294,0,"0.112","0.0"
"145",369275,2020-10-13,19:16:31,"F",12310,"375",488,0,"0.232","0.0"
"146",436135,2020-10-13,19:17:38,"F",12311,"225",305,0,"0.262","0.0"
"147",500045,2020-10-13,19:18:42,"F",12312,"306",372,0,"0.177","0.0"
"148",514465,2020-10-13,19:18:56,"F",12313,"105",105,0,"0.000","0.0"
"149",518105,2020-10-13,19:19:00,"F",12314,"111",207,0,"0.464","0.0"
"150",524485,2020-10-13,19:19:06,"F",12315,"70",88,0,"0.205","0.0"
"151",535425,2020-10-13,19:19:17,"F",12316,"274",425,0,"0.355","0.0"
"152",544875,2020-10-13,19:19:26,"F",12317,"130",226,0,"0.425","0.0"
"153",551405,2020-10-13,19:19:33,"F",12318,"189",265,0,"0.287","0.0"
"154",560085,2020-10-13,19:19:42,"F",12319,"125",267,0,"0.532","0.0"
"155",568475,2020-10-13,19:19:50,"F",12320,"277",363,0,"0.237","0.0"
"156",583555,2020-10-13,19:20:05,"F",12321,"123",200,0,"0.385","0.0"
"157",587905,2020-10-13,19:20:09,"F",12322,"242",369,0,"0.344","0.0"
"158",597005,2020-10-13,19:20:19,"F",12323,"164",360,0,"0.544","0.0"
"159",603965,2020-10-13,19:20:25,"F",12324,"259",390,0,"0.336","0.0"
"160",610405,2020-10-13,19:20:32,"F",12325,"166",229,0,"0.275","0.0"
"161",627005,2020-10-13,19:20:49,"C",NA,"File Nr. 495 | File Dev. ID #1, DIVING-PAM-II:",NA,NA,NA,NA
"162",684315,2020-10-13,19:21:46,"F",12326,"14",35,0,"-","-"
"163",694765,2020-10-13,19:21:56,"F",12327,"16",23,0,"-","-"
"164",724905,2020-10-13,19:22:26,"F",12328,"8",27,0,"-","-"
"165",733335,2020-10-13,19:22:35,"F",12329,"11",29,0,"-","-"
"166",742675,2020-10-13,19:22:44,"F",12330,"7",36,0,"-","-"
"167",749485,2020-10-13,19:22:51,"F",12331,"7",31,0,"-","-"
"168",756925,2020-10-13,19:22:58,"F",12332,"0",35,0,"-","-"
"169",764335,2020-10-13,19:23:06,"F",12333,"15",37,0,"-","-"
"170",773745,2020-10-13,19:23:15,"F",12334,"22",29,0,"-","-"
"171",785605,2020-10-13,19:23:27,"F",12335,"9",26,0,"-","-"
"172",794655,2020-10-13,19:23:36,"F",12336,"2",37,0,"-","-"
"173",802175,2020-10-13,19:23:44,"F",12337,"4",39,0,"-","-"
"174",809065,2020-10-13,19:23:51,"F",12338,"12",40,0,"-","-"
"175",822125,2020-10-13,19:24:04,"F",12339,"13",41,0,"-","-"
"176",829795,2020-10-13,19:24:11,"F",12340,"14",26,0,"-","-"
"177",835585,2020-10-13,19:24:17,"F",12341,"11",34,0,"-","-"
"178",844025,2020-10-13,19:24:26,"F",12342,"12",22,0,"-","-"
"179",853825,2020-10-13,19:24:35,"F",12343,"15",30,0,"-","-"
"180",862725,2020-10-13,19:24:44,"F",12344,"3",36,0,"-","-"
"181",870835,2020-10-13,19:24:52,"F",12345,"20",27,0,"-","-"
"182",878825,2020-10-13,19:25:00,"F",12346,"5",37,0,"-","-"
"183",885195,2020-10-13,19:25:07,"F",12347,"15",32,0,"-","-"
"184",910005,2020-10-13,19:25:32,"C",NA,"File Nr. 496 | File Dev. ID #1, DIVING-PAM-II:",NA,NA,NA,NA
"185",945435,2020-10-13,19:26:07,"F",12348,"21",28,0,"-","-"
"186",950845,2020-10-13,19:26:12,"F",12349,"16",51,0,"0.686","0.0"
"187",956675,2020-10-13,19:26:18,"F",12350,"41",71,0,"0.423","0.0"
"188",965345,2020-10-13,19:26:27,"F",12351,"187",254,0,"0.264","0.0"
"189",970285,2020-10-13,19:26:32,"F",12352,"199",314,0,"0.366","0.0"
"190",978315,2020-10-13,19:26:40,"F",12353,"225",279,0,"0.194","0.0"
"191",986855,2020-10-13,19:26:48,"F",12354,"116",148,0,"0.216","0.0"
"192",992835,2020-10-13,19:26:54,"F",12355,"18",23,0,"-","-"
"193",998785,2020-10-13,19:27:00,"F",12356,"10",38,0,"-","-"
"194",1011645,2020-10-13,19:27:13,"F",12357,"18",38,0,"-","-"
"195",1016755,2020-10-13,19:27:18,"F",12358,"11",45,0,"-","-"
"196",1024485,2020-10-13,19:27:26,"F",12359,"150",197,0,"0.239","0.0"
"197",1029565,2020-10-13,19:27:31,"F",12360,"121",152,0,"0.204","0.0"
"198",1035275,2020-10-13,19:27:37,"F",12361,"162",326,0,"0.503","0.0"
"199",1039325,2020-10-13,19:27:41,"F",12362,"334",448,0,"0.254","0.0"
"200",1046805,2020-10-13,19:27:48,"F",12363,"271",338,0,"0.198","0.0"
"201",1050275,2020-10-13,19:27:52,"F",12364,"151",230,0,"0.343","0.0"
"202",1054975,2020-10-13,19:27:56,"F",12365,"213",314,0,"0.322","0.0"
"203",1061485,2020-10-13,19:28:03,"F",12366,"202",274,0,"0.263","0.0"
"204",1064905,2020-10-13,19:28:06,"F",12367,"179",241,0,"0.257","0.0"
"205",1070205,2020-10-13,19:28:12,"F",12368,"188",260,0,"0.277","0.0"
"206",1074925,2020-10-13,19:28:16,"F",12369,"118",167,0,"0.293","0.0"
"207",1080325,2020-10-13,19:28:22,"F",12370,"162",230,0,"0.296","0.0"
"208",1084955,2020-10-13,19:28:26,"F",12371,"131",180,0,"0.272","0.0"
"209",1089375,2020-10-13,19:28:31,"F",12372,"61",72,0,"0.153","0.0"
"210",1093235,2020-10-13,19:28:35,"F",12373,"251",329,0,"0.237","0.0"
"211",1098775,2020-10-13,19:28:40,"F",12374,"316",498,0,"0.365","0.0"
"212",1110555,2020-10-13,19:28:52,"F",12375,"43",62,0,"0.306","0.0"
"213",1114365,2020-10-13,19:28:56,"F",12376,"33",68,0,"0.515","0.0"
"214",1121945,2020-10-13,19:29:03,"F",12377,"83",148,0,"0.439","0.0"
"215",1124455,2020-10-13,19:29:06,"F",12378,"187",264,0,"0.292","0.0"
"216",1131415,2020-10-13,19:29:13,"F",12379,"168",266,0,"0.368","0.0"
"217",1137955,2020-10-13,19:29:19,"F",12380,"187",233,0,"0.197","0.0"
"218",1145585,2020-10-13,19:29:27,"F",12381,"186",379,0,"0.509","0.0"
"219",1151325,2020-10-13,19:29:33,"F",12382,"180",267,0,"0.326","0.0"
"220",1155805,2020-10-13,19:29:37,"F",12383,"295",374,0,"0.211","0.0"
"221",1169035,2020-10-13,19:29:51,"F",12384,"141",208,0,"0.322","0.0"
"222",1180735,2020-10-13,19:30:02,"F",12385,"121",209,0,"0.421","0.0"
"223",1193915,2020-10-13,19:30:15,"F",12386,"142",200,0,"0.290","0.0"
"224",1200335,2020-10-13,19:30:22,"F",12387,"162",227,0,"0.286","0.0"
"225",1211175,2020-10-13,19:30:33,"F",12388,"116",247,0,"0.530","0.0"
"226",1218945,2020-10-13,19:30:40,"F",12389,"157",297,0,"0.471","0.0"
"227",1227315,2020-10-13,19:30:49,"F",12390,"307",367,0,"0.163","0.0"
"228",1238295,2020-10-13,19:31:00,"F",12391,"120",198,0,"0.394","0.0"
"229",1245395,2020-10-13,19:31:07,"F",12392,"101",174,0,"0.420","0.0"
"230",1255195,2020-10-13,19:31:17,"F",12393,"121",190,0,"0.363","0.0"
"231",1260635,2020-10-13,19:31:22,"F",12394,"109",201,0,"0.458","0.0"
"232",1272775,2020-10-13,19:31:34,"F",12395,"105",240,0,"0.563","0.0"
"233",1277365,2020-10-13,19:31:39,"F",12396,"140",266,0,"0.474","0.0"
"234",1302005,2020-10-13,19:32:04,"C",NA,"File Nr. 497 | File Dev. ID #1, DIVING-PAM-II:",NA,NA,NA,NA
"235",1361605,2020-10-13,19:33:03,"F",12397,"808",1097,0,"0.263","0.0"
"236",1407895,2020-10-13,19:33:49,"F",12398,"260",386,0,"0.326","0.0"
"237",1412705,2020-10-13,19:33:54,"F",12399,"293",419,0,"0.301","0.0"
"238",1419285,2020-10-13,19:34:01,"F",12400,"394",504,0,"0.218","0.0"
"239",1423875,2020-10-13,19:34:05,"F",12401,"279",388,0,"0.281","0.0"
"240",1428685,2020-10-13,19:34:10,"F",12402,"150",611,0,"0.755","0.0"
"241",1433125,2020-10-13,19:34:15,"F",12403,"351",538,0,"0.348","0.0"
"242",1439245,2020-10-13,19:34:21,"F",12404,"383",646,0,"0.407","0.0"
"243",1444865,2020-10-13,19:34:26,"F",12405,"196",288,0,"0.319","0.0"
"244",1450695,2020-10-13,19:34:32,"F",12406,"236",417,0,"0.434","0.0"
"245",1466665,2020-10-13,19:34:48,"F",12407,"242",329,0,"0.264","0.0"
"246",1474335,2020-10-13,19:34:56,"F",12408,"342",488,0,"0.299","0.0"
"247",1481235,2020-10-13,19:35:03,"F",12409,"190",281,0,"0.324","0.0"
"248",1487495,2020-10-13,19:35:09,"F",12410,"158",242,0,"0.347","0.0"
"249",1494955,2020-10-13,19:35:16,"F",12411,"227",452,0,"0.498","0.0"
"250",1499455,2020-10-13,19:35:21,"F",12412,"161",310,0,"0.481","0.0"
"251",1510635,2020-10-13,19:35:32,"F",12413,"372",505,0,"0.263","0.0"
"252",1517025,2020-10-13,19:35:39,"F",12414,"320",514,0,"0.377","0.0"
"253",1526685,2020-10-13,19:35:48,"F",12415,"75",109,0,"0.312","0.0"
"254",1551395,2020-10-13,19:36:13,"F",12416,"88",144,0,"0.389","0.0"
"255",1575305,2020-10-13,19:36:37,"F",12417,"418",562,0,"0.256","0.0"
"256",1580945,2020-10-13,19:36:42,"F",12418,"207",292,0,"0.291","0.0"
"257",1587585,2020-10-13,19:36:49,"F",12419,"335",409,0,"0.181","0.0"
"258",1593285,2020-10-13,19:36:55,"F",12420,"294",374,0,"0.214","0.0"
"259",1598955,2020-10-13,19:37:00,"F",12421,"209",477,0,"0.562","0.0"
"260",1604075,2020-10-13,19:37:06,"F",12422,"313",529,0,"0.408","0.0"
"261",1611055,2020-10-13,19:37:13,"F",12423,"294",478,0,"0.385","0.0"
"262",1617205,2020-10-13,19:37:19,"F",12424,"271",360,0,"0.247","0.0"
"263",1627525,2020-10-13,19:37:29,"F",12425,"338",431,0,"0.216","0.0"
"264",1634855,2020-10-13,19:37:36,"F",12426,"411",585,0,"0.297","0.0"
"265",1639835,2020-10-13,19:37:41,"F",12427,"260",434,0,"0.401","0.0"
"266",1644585,2020-10-13,19:37:46,"F",12428,"221",480,0,"0.540","0.0"
"267",1652545,2020-10-13,19:37:54,"F",12429,"235",379,0,"0.380","0.0"
"268",1660735,2020-10-13,19:38:02,"F",12430,"219",354,0,"0.381","0.0"
"269",1666555,2020-10-13,19:38:08,"F",12431,"329",406,0,"0.190","0.0"
"270",1681885,2020-10-13,19:38:23,"F",12432,"433",567,0,"0.236","0.0"
"271",1685275,2020-10-13,19:38:27,"F",12433,"216",402,0,"0.463","0.0"
"272",1693315,2020-10-13,19:38:35,"F",12434,"314",362,0,"0.133","0.0"
"273",1699005,2020-10-13,19:38:41,"F",12435,"307",409,0,"0.249","0.0"
"274",1705815,2020-10-13,19:38:47,"F",12436,"223",549,0,"0.594","0.0"
"275",1710385,2020-10-13,19:38:52,"F",12437,"286",525,0,"0.455","0.0"
"276",1722335,2020-10-13,19:39:04,"F",12438,"420",637,0,"0.341","0.0"
"277",1727825,2020-10-13,19:39:09,"F",12439,"310",546,0,"0.432","0.0"
"278",1734345,2020-10-13,19:39:16,"F",12440,"168",301,0,"0.442","0.0"
"279",1738145,2020-10-13,19:39:20,"F",12441,"193",314,0,"0.385","0.0"
"280",1743265,2020-10-13,19:39:25,"F",12442,"270",352,0,"0.233","0.0"
"281",1748315,2020-10-13,19:39:30,"F",12443,"315",525,0,"0.400","0.0"
"282",1756405,2020-10-13,19:39:38,"F",12444,"247",334,0,"0.260","0.0"
"283",1760485,2020-10-13,19:39:42,"F",12445,"210",319,0,"0.342","0.0"
"284",1787005,2020-10-13,19:40:09,"C",NA,"File Nr. 498 | File Dev. ID #1, DIVING-PAM-II:",NA,NA,NA,NA
"285",1813315,2020-10-13,19:40:35,"F",12446,"224",407,0,"0.450","0.0"
"286",1821595,2020-10-13,19:40:43,"F",12447,"238",449,0,"0.470","0.0"
"287",1830625,2020-10-13,19:40:52,"F",12448,"110",154,0,"0.286","0.0"
"288",1855615,2020-10-13,19:41:17,"F",12449,"290",491,0,"0.409","0.0"
"289",1860225,2020-10-13,19:41:22,"F",12450,"194",210,0,"0.076","0.0"
"290",1866875,2020-10-13,19:41:28,"F",12451,"172",361,0,"0.524","0.0"
"291",1878935,2020-10-13,19:41:40,"F",12452,"185",269,0,"0.312","0.0"
"292",1955875,2020-10-13,19:42:57,"F",12453,"290",397,0,"0.270","0.0"
"293",1971525,2020-10-13,19:43:13,"F",12454,"206",253,0,"0.186","0.0"
"294",1975075,2020-10-13,19:43:17,"F",12455,"299",378,0,"0.209","0.0"
"295",1982565,2020-10-13,19:43:24,"F",12456,"153",198,0,"0.227","0.0"
"296",1987525,2020-10-13,19:43:29,"F",12457,"205",277,0,"0.260","0.0"
"297",1991845,2020-10-13,19:43:33,"F",12458,"226",325,0,"0.305","0.0"
"298",1995335,2020-10-13,19:43:37,"F",12459,"226",303,0,"0.254","0.0"
"299",2003535,2020-10-13,19:43:45,"F",12460,"430",520,0,"0.173","0.0"
"300",2007585,2020-10-13,19:43:49,"F",12461,"467",568,0,"0.178","0.0"
"301",2012445,2020-10-13,19:43:54,"F",12462,"216",449,0,"0.519","0.0"
"302",2020975,2020-10-13,19:44:02,"F",12463,"347",473,0,"0.266","0.0"
"303",2025905,2020-10-13,19:44:07,"F",12464,"282",367,0,"0.232","0.0"
"304",2032425,2020-10-13,19:44:14,"F",12465,"324",450,0,"0.280","0.0"
"305",2036375,2020-10-13,19:44:18,"F",12466,"299",557,0,"0.463","0.0"
"306",2047945,2020-10-13,19:44:29,"F",12467,"305",419,0,"0.272","0.0"
"307",2055855,2020-10-13,19:44:37,"F",12468,"161",166,0,"0.030","0.0"
"308",2060375,2020-10-13,19:44:42,"F",12469,"278",504,0,"0.448","0.0"
"309",2073975,2020-10-13,19:44:55,"F",12470,"241",573,0,"0.579","0.0"
"310",2083435,2020-10-13,19:45:05,"F",12471,"231",231,0,"0.000","0.0"
"311",2088285,2020-10-13,19:45:10,"F",12472,"403",621,0,"0.351","0.0"
"312",2095755,2020-10-13,19:45:17,"F",12473,"456",672,0,"0.321","0.0"
"313",2102575,2020-10-13,19:45:24,"F",12474,"373",537,0,"0.305","0.0"
"314",2107245,2020-10-13,19:45:29,"F",12475,"403",506,0,"0.204","0.0"
"315",2216605,2020-10-13,19:47:18,"F",12476,"408",480,0,"0.150","0.0"
"316",2224275,2020-10-13,19:47:26,"F",12477,"347",453,0,"0.234","0.0"
"317",2230555,2020-10-13,19:47:32,"F",12478,"353",635,0,"0.444","0.0"
"318",2240845,2020-10-13,19:47:42,"F",12479,"85",128,0,"0.336","0.0"
"319",2250105,2020-10-13,19:47:52,"F",12480,"101",128,0,"0.211","0.0"
"320",2254005,2020-10-13,19:47:56,"F",12481,"148",229,0,"0.354","0.0"
"321",2261375,2020-10-13,19:48:03,"F",12482,"241",392,0,"0.385","0.0"
"322",2265085,2020-10-13,19:48:07,"F",12483,"188",265,0,"0.291","0.0"
"323",2271855,2020-10-13,19:48:13,"F",12484,"224",324,0,"0.309","0.0"
"324",2277305,2020-10-13,19:48:19,"F",12485,"306",366,0,"0.164","0.0"
"325",2284605,2020-10-13,19:48:26,"F",12486,"360",500,0,"0.280","0.0"
"326",2288725,2020-10-13,19:48:30,"F",12487,"364",479,0,"0.240","0.0"
"327",2296395,2020-10-13,19:48:38,"F",12488,"227",356,0,"0.362","0.0"
"328",2302095,2020-10-13,19:48:44,"F",12489,"224",319,0,"0.298","0.0"
"329",2319555,2020-10-13,19:49:01,"F",12490,"318",371,0,"0.143","0.0"
"330",2325075,2020-10-13,19:49:07,"F",12491,"370",516,0,"0.283","0.0"
"331",2332825,2020-10-13,19:49:14,"F",12492,"102",147,0,"0.306","0.0"
"332",2340915,2020-10-13,19:49:22,"F",12493,"389",476,0,"0.183","0.0"
"333",2346735,2020-10-13,19:49:28,"F",12494,"174",207,0,"0.159","0.0"
"334",2352025,2020-10-13,19:49:34,"F",12495,"139",213,0,"0.347","0.0"
"335",2357885,2020-10-13,19:49:39,"F",12496,"131",204,0,"0.358","0.0"
"336",2408575,2020-10-13,19:50:30,"F",12497,"370",536,0,"0.310","0.0"
"337",2418135,2020-10-13,19:50:40,"F",12498,"166",225,0,"0.262","0.0"
"338",2421715,2020-10-13,19:50:43,"F",12499,"359",445,0,"0.193","0.0"
"339",2476005,2020-10-13,19:51:38,"C",NA,"File Nr. 499 | File Dev. ID #1, DIVING-PAM-II:",NA,NA,NA,NA
"340",2487625,2020-10-13,19:51:49,"F",12500,"225",442,0,"0.491","0.0"
"341",2493405,2020-10-13,19:51:55,"F",12501,"281",547,0,"0.486","0.0"
"342",2501825,2020-10-13,19:52:03,"F",12502,"338",483,0,"0.300","0.0"
"343",2505535,2020-10-13,19:52:07,"F",12503,"275",391,0,"0.297","0.0"
"344",2509965,2020-10-13,19:52:11,"F",12504,"203",464,0,"0.563","0.0"
"345",2515525,2020-10-13,19:52:17,"F",12505,"211",372,0,"0.433","0.0"
"346",2521635,2020-10-13,19:52:23,"F",12506,"333",598,0,"0.443","0.0"
"347",2530125,2020-10-13,19:52:32,"F",12507,"349",608,0,"0.426","0.0"
"348",2534655,2020-10-13,19:52:36,"F",12508,"219",458,0,"0.522","0.0"
"349",2538115,2020-10-13,19:52:40,"F",12509,"276",510,0,"0.459","0.0"
"350",2545905,2020-10-13,19:52:47,"F",12510,"327",554,0,"0.410","0.0"
"351",2551045,2020-10-13,19:52:53,"F",12511,"264",456,0,"0.421","0.0"
"352",2561925,2020-10-13,19:53:03,"F",12512,"195",349,0,"0.441","0.0"
"353",2565045,2020-10-13,19:53:07,"F",12513,"189",336,0,"0.438","0.0"
"354",2569235,2020-10-13,19:53:11,"F",12514,"374",656,0,"0.430","0.0"
"355",2572905,2020-10-13,19:53:14,"F",12515,"282",521,0,"0.459","0.0"
"356",2579105,2020-10-13,19:53:21,"F",12516,"170",323,0,"0.474","0.0"
"357",2585405,2020-10-13,19:53:27,"F",12517,"260",469,0,"0.446","0.0"
"358",2593915,2020-10-13,19:53:35,"F",12518,"141",239,0,"0.410","0.0"
"359",2596145,2020-10-13,19:53:38,"F",12519,"237",400,0,"0.408","0.0"
"360",2602275,2020-10-13,19:53:44,"F",12520,"322",500,0,"0.356","0.0"
"361",2605785,2020-10-13,19:53:47,"F",12521,"284",435,0,"0.347","0.0"
"362",2610805,2020-10-13,19:53:52,"F",12522,"252",479,0,"0.474","0.0"
"363",2614785,2020-10-13,19:53:56,"F",12523,"176",489,0,"0.640","0.0"
"364",2621655,2020-10-13,19:54:03,"F",12524,"209",492,0,"0.575","0.0"
"365",2626355,2020-10-13,19:54:08,"F",12525,"258",416,0,"0.380","0.0"
"366",2634305,2020-10-13,19:54:16,"F",12526,"238",522,0,"0.544","0.0"
"367",2647085,2020-10-13,19:54:29,"F",12527,"227",477,0,"0.524","0.0"
"368",2662855,2020-10-13,19:54:44,"F",12528,"159",314,0,"0.494","0.0"
"369",2668985,2020-10-13,19:54:50,"F",12529,"120",366,0,"0.672","0.0"
"370",2682185,2020-10-13,19:55:04,"F",12530,"263",654,0,"0.598","0.0"
"371",2689985,2020-10-13,19:55:11,"F",12531,"189",306,0,"0.382","0.0"
"372",2701385,2020-10-13,19:55:23,"F",12532,"148",321,0,"0.539","0.0"
"373",2705545,2020-10-13,19:55:27,"F",12533,"143",259,0,"0.448","0.0"
"374",2711615,2020-10-13,19:55:33,"F",12534,"318",590,0,"0.461","0.0"
"375",2715605,2020-10-13,19:55:37,"F",12535,"168",225,0,"0.253","0.0"
"376",2724675,2020-10-13,19:55:46,"F",12536,"348",584,0,"0.404","0.0"
"377",2732105,2020-10-13,19:55:54,"F",12537,"330",462,0,"0.286","0.0"
"378",2738155,2020-10-13,19:56:00,"F",12538,"277",553,0,"0.499","0.0"
"379",2743105,2020-10-13,19:56:05,"F",12539,"304",549,0,"0.446","0.0"
"380",2756385,2020-10-13,19:56:18,"F",12540,"302",652,0,"0.537","0.0"
"381",2770525,2020-10-13,19:56:32,"F",12541,"252",600,0,"0.580","0.0"
"382",2775545,2020-10-13,19:56:37,"F",12542,"356",648,0,"0.451","0.0"
"383",2781165,2020-10-13,19:56:43,"F",12543,"187",558,0,"0.665","0.0"
"384",2786045,2020-10-13,19:56:48,"F",12544,"243",555,0,"0.562","0.0"
"385",2794225,2020-10-13,19:56:56,"F",12545,"338",556,0,"0.392","0.0"
"386",2798365,2020-10-13,19:57:00,"F",12546,"289",528,0,"0.453","0.0"
"387",2802955,2020-10-13,19:57:04,"F",12547,"298",622,0,"0.521","0.0"
"388",2805565,2020-10-13,19:57:07,"F",12548,"267",548,0,"0.513","0.0"
"389",2811445,2020-10-13,19:57:13,"F",12549,"130",442,0,"0.706","0.0"
"390",2816305,2020-10-13,19:57:18,"F",12550,"200",478,0,"0.582","0.0"
"391",2826995,2020-10-13,19:57:28,"F",12551,"257",541,0,"0.525","0.0"
"392",2863005,2020-10-13,19:58:05,"C",NA,"File Nr. 500 | File Dev. ID #1, DIVING-PAM-II:",NA,NA,NA,NA
"393",2894385,2020-10-13,19:58:36,"F",12552,"132",272,0,"0.515","0.0"
"394",2901925,2020-10-13,19:58:43,"F",12553,"268",582,0,"0.540","0.0"
"395",2916585,2020-10-13,19:58:58,"F",12554,"409",895,0,"0.543","0.0"
"396",2933545,2020-10-13,19:59:15,"F",12555,"213",460,0,"0.537","0.0"
"397",2937355,2020-10-13,19:59:19,"F",12556,"260",542,0,"0.520","0.0"
"398",2943235,2020-10-13,19:59:25,"F",12557,"391",753,0,"0.481","0.0"
"399",2947225,2020-10-13,19:59:29,"F",12558,"389",754,0,"0.484","0.0"
"400",2955645,2020-10-13,19:59:37,"F",12559,"208",349,0,"0.404","0.0"
"401",2963805,2020-10-13,19:59:45,"F",12560,"229",511,0,"0.552","0.0"
"402",2976635,2020-10-13,19:59:58,"F",12561,"372",709,0,"0.475","0.0"
"403",2980155,2020-10-13,20:00:02,"F",12562,"339",680,0,"0.501","0.0"
"404",2985425,2020-10-13,20:00:07,"F",12563,"344",526,0,"0.346","0.0"
"405",2989875,2020-10-13,20:00:11,"F",12564,"413",651,0,"0.366","0.0"
"406",2995845,2020-10-13,20:00:17,"F",12565,"340",587,0,"0.421","0.0"
"407",2998395,2020-10-13,20:00:20,"F",12566,"331",550,0,"0.398","0.0"
"408",3002945,2020-10-13,20:00:24,"F",12567,"330",604,0,"0.454","0.0"
"409",3007555,2020-10-13,20:00:29,"F",12568,"247",479,0,"0.484","0.0"
"410",3013525,2020-10-13,20:00:35,"F",12569,"315",556,0,"0.433","0.0"
"411",3018085,2020-10-13,20:00:40,"F",12570,"262",453,0,"0.422","0.0"
"412",3025705,2020-10-13,20:00:47,"F",12571,"363",590,0,"0.385","0.0"
"413",3028025,2020-10-13,20:00:50,"F",12572,"277",543,0,"0.490","0.0"
"414",3040475,2020-10-13,20:01:02,"F",12573,"256",449,0,"0.430","0.0"
"415",3044065,2020-10-13,20:01:06,"F",12574,"300",654,0,"0.541","0.0"
"416",3049415,2020-10-13,20:01:11,"F",12575,"313",537,0,"0.417","0.0"
"417",3053975,2020-10-13,20:01:15,"F",12576,"379",652,0,"0.419","0.0"
"418",3062875,2020-10-13,20:01:24,"F",12577,"409",892,0,"0.541","0.0"
"419",3070915,2020-10-13,20:01:32,"F",12578,"194",357,0,"0.457","0.0"
"420",3083745,2020-10-13,20:01:45,"F",12579,"150",249,0,"0.398","0.0"
"421",3087245,2020-10-13,20:01:49,"F",12580,"288",457,0,"0.370","0.0"
"422",3099345,2020-10-13,20:02:01,"F",12581,"279",473,0,"0.410","0.0"
"423",3103025,2020-10-13,20:02:05,"F",12582,"305",487,0,"0.374","0.0"
"424",3118395,2020-10-13,20:02:20,"F",12583,"257",613,0,"0.581","0.0"
"425",3122065,2020-10-13,20:02:24,"F",12584,"161",404,0,"0.601","0.0"
"426",3133965,2020-10-13,20:02:35,"F",12585,"161",265,0,"0.392","0.0"
"427",3137335,2020-10-13,20:02:39,"F",12586,"208",375,0,"0.445","0.0"
"428",3144025,2020-10-13,20:02:46,"F",12587,"163",219,0,"0.256","0.0"
"429",3159905,2020-10-13,20:03:01,"F",12588,"264",439,0,"0.399","0.0"
"430",3165325,2020-10-13,20:03:07,"F",12589,"344",628,0,"0.452","0.0"
"431",3170685,2020-10-13,20:03:12,"F",12590,"314",586,0,"0.464","0.0"
"432",3184415,2020-10-13,20:03:26,"F",12591,"381",684,0,"0.443","0.0"
"433",3197605,2020-10-13,20:03:39,"F",12592,"262",508,0,"0.484","0.0"
"434",3202915,2020-10-13,20:03:44,"F",12593,"328",620,0,"0.471","0.0"
"435",3208435,2020-10-13,20:03:50,"F",12594,"235",380,0,"0.382","0.0"
"436",3214775,2020-10-13,20:03:56,"F",12595,"155",239,0,"0.351","0.0"
"437",3224005,2020-10-13,20:04:06,"C",NA,"File Nr. 501 | File Dev. ID #1, DIVING-PAM-II:",NA,NA,NA,NA
"438",3277345,2020-10-13,20:04:59,"F",12596,"171",470,0,"0.636","0.0"
"439",3307025,2020-10-13,20:05:29,"F",12597,"171",495,0,"0.655","0.0"
"440",3315155,2020-10-13,20:05:37,"F",12598,"231",616,0,"0.625","0.0"
"441",3320035,2020-10-13,20:05:42,"F",12599,"269",934,0,"0.712","0.0"
"442",3324045,2020-10-13,20:05:46,"F",12600,"292",775,0,"0.623","0.0"
"443",3329235,2020-10-13,20:05:51,"F",12601,"306",816,0,"0.625","0.0"
"444",3339935,2020-10-13,20:06:01,"F",12602,"275",834,0,"0.670","0.0"
"445",3343255,2020-10-13,20:06:05,"F",12603,"293",834,0,"0.649","0.0"
"446",3350395,2020-10-13,20:06:12,"F",12604,"284",783,0,"0.637","0.0"
"447",3354855,2020-10-13,20:06:16,"F",12605,"230",589,0,"0.610","0.0"
"448",3366795,2020-10-13,20:06:28,"F",12606,"257",753,0,"0.659","0.0"
"449",3371115,2020-10-13,20:06:33,"F",12607,"280",784,0,"0.643","0.0"
"450",3375845,2020-10-13,20:06:37,"F",12608,"196",497,0,"0.606","0.0"
"451",3381705,2020-10-13,20:06:43,"F",12609,"178",507,0,"0.649","0.0"
"452",3387325,2020-10-13,20:06:49,"F",12610,"254",702,0,"0.638","0.0"
"453",3392695,2020-10-13,20:06:54,"F",12611,"183",446,0,"0.590","0.0"
"454",3395115,2020-10-13,20:06:57,"F",12612,"227",581,0,"0.609","0.0"
"455",3403105,2020-10-13,20:07:05,"F",12613,"257",680,0,"0.622","0.0"
"456",3407825,2020-10-13,20:07:09,"F",12614,"271",679,0,"0.601","0.0"
"457",3418545,2020-10-13,20:07:20,"F",12615,"228",642,0,"0.645","0.0"
"458",3429155,2020-10-13,20:07:31,"F",12616,"194",499,0,"0.611","0.0"
"459",3439395,2020-10-13,20:07:41,"F",12617,"123",123,0,"0.000","0.0"
"460",3444225,2020-10-13,20:07:46,"F",12618,"215",637,0,"0.662","0.0"
"461",3465415,2020-10-13,20:08:07,"F",12619,"200",569,0,"0.649","0.0"
"462",3470115,2020-10-13,20:08:12,"F",12620,"237",666,0,"0.644","0.0"
"463",3474665,2020-10-13,20:08:16,"F",12621,"319",713,0,"0.553","0.0"
"464",3479765,2020-10-13,20:08:21,"F",12622,"155",232,0,"0.332","0.0"
"465",3489965,2020-10-13,20:08:31,"F",12623,"157",398,0,"0.606","0.0"
"466",3495375,2020-10-13,20:08:37,"F",12624,"197",453,0,"0.565","0.0"
"467",3504165,2020-10-13,20:08:46,"F",12625,"177",463,0,"0.618","0.0"
"468",3507375,2020-10-13,20:08:49,"F",12626,"173",407,0,"0.575","0.0"
"469",3515745,2020-10-13,20:08:57,"F",12627,"215",672,0,"0.680","0.0"
"470",3519025,2020-10-13,20:09:01,"F",12628,"227",761,0,"0.702","0.0"
"471",3529575,2020-10-13,20:09:11,"F",12629,"150",410,0,"0.634","0.0"
"472",3533725,2020-10-13,20:09:15,"F",12630,"165",602,0,"0.726","0.0"
"473",3540285,2020-10-13,20:09:22,"F",12631,"214",922,0,"0.768","0.0"
"474",3556185,2020-10-13,20:09:38,"F",12632,"172",499,0,"0.655","0.0"
"475",3562925,2020-10-13,20:09:44,"F",12633,"305",843,0,"0.638","0.0"
"476",3585035,2020-10-13,20:10:07,"F",12634,"290",743,0,"0.610","0.0"
"477",3590235,2020-10-13,20:10:12,"F",12635,"267",696,0,"0.616","0.0"
"478",3597155,2020-10-13,20:10:19,"F",12636,"290",819,0,"0.646","0.0"
"479",3606595,2020-10-13,20:10:28,"F",12637,"214",726,0,"0.705","0.0"
"480",3618465,2020-10-13,20:10:40,"F",12638,"182",584,0,"0.688","0.0"
"481",3624075,2020-10-13,20:10:46,"F",12639,"191",482,0,"0.604","0.0"
"482",3631465,2020-10-13,20:10:53,"F",12640,"258",744,0,"0.653","0.0"
"483",3641585,2020-10-13,20:11:03,"F",12641,"203",615,0,"0.670","0.0"
"484",3644625,2020-10-13,20:11:06,"F",12642,"230",635,0,"0.638","0.0"
"485",3654915,2020-10-13,20:11:16,"F",12643,"171",518,0,"0.670","0.0"
"486",3658845,2020-10-13,20:11:20,"F",12644,"167",705,0,"0.763","0.0"
"487",3665155,2020-10-13,20:11:27,"F",12645,"226",632,0,"0.642","0.0"
"488",3674745,2020-10-13,20:11:36,"F",12646,"196",585,0,"0.665","0.0"
"489",3684005,2020-10-13,20:11:46,"F",12647,"225",671,0,"0.665","0.0"
"490",3735005,2020-10-13,20:12:37,"C",NA,"File Nr. 502 | File Dev. ID #1, DIVING-PAM-II:",NA,NA,NA,NA
"491",5,2020-10-13,20:13:20,"C",NA,"File Nr. 503 | File Dev. ID #1, DIVING-PAM-II:",NA,NA,NA,NA
"492",53545,2020-10-13,20:14:13,"F",12648,"351",1032,0,"0.660","0.0"
"493",59895,2020-10-13,20:14:19,"F",12649,"238",929,0,"0.744","0.0"
"494",65525,2020-10-13,20:14:25,"F",12650,"358",984,0,"0.636","0.0"
"495",71955,2020-10-13,20:14:31,"F",12651,"234",715,0,"0.673","0.0"
"496",81395,2020-10-13,20:14:41,"F",12652,"245",623,0,"0.607","0.0"
"497",86065,2020-10-13,20:14:46,"F",12653,"235",612,0,"0.616","0.0"
"498",99625,2020-10-13,20:14:59,"F",12654,"285",694,0,"0.589","0.0"
"499",103925,2020-10-13,20:15:03,"F",12655,"224",652,0,"0.656","0.0"
"500",109455,2020-10-13,20:15:09,"F",12656,"330",807,0,"0.591","0.0"
"501",116595,2020-10-13,20:15:16,"F",12657,"289",735,0,"0.607","0.0"
"502",126555,2020-10-13,20:15:26,"F",12658,"281",853,0,"0.671","0.0"
"503",130075,2020-10-13,20:15:30,"F",12659,"384",1127,0,"0.659","0.0"
"504",140805,2020-10-13,20:15:40,"F",12660,"304",833,0,"0.635","0.0"
"505",148435,2020-10-13,20:15:48,"F",12661,"288",774,0,"0.628","0.0"
"506",153255,2020-10-13,20:15:53,"F",12662,"178",338,0,"0.473","0.0"
"507",160025,2020-10-13,20:16:00,"F",12663,"389",1019,0,"0.618","0.0"
"508",166535,2020-10-13,20:16:06,"F",12664,"317",875,0,"0.638","0.0"
"509",173065,2020-10-13,20:16:13,"F",12665,"281",661,0,"0.575","0.0"
"510",179725,2020-10-13,20:16:19,"F",12666,"228",545,0,"0.582","0.0"
"511",187025,2020-10-13,20:16:27,"F",12667,"316",868,0,"0.636","0.0"
"512",194885,2020-10-13,20:16:34,"F",12668,"242",682,0,"0.645","0.0"
"513",201335,2020-10-13,20:16:41,"F",12669,"354",1050,0,"0.663","0.0"
"514",208825,2020-10-13,20:16:48,"F",12670,"228",634,0,"0.640","0.0"
"515",223085,2020-10-13,20:17:03,"F",12671,"221",700,0,"0.684","0.0"
"516",232745,2020-10-13,20:17:12,"F",12672,"290",735,0,"0.605","0.0"
"517",240075,2020-10-13,20:17:20,"F",12673,"318",955,0,"0.667","0.0"
"518",245135,2020-10-13,20:17:25,"F",12674,"295",890,0,"0.669","0.0"
"519",252855,2020-10-13,20:17:32,"F",12675,"229",637,0,"0.641","0.0"
"520",261025,2020-10-13,20:17:41,"F",12676,"307",805,0,"0.619","0.0"
"521",266655,2020-10-13,20:17:46,"F",12677,"214",546,0,"0.608","0.0"
"522",274175,2020-10-13,20:17:54,"F",12678,"307",766,0,"0.599","0.0"
"523",279465,2020-10-13,20:17:59,"F",12679,"196",589,0,"0.667","0.0"
"524",286865,2020-10-13,20:18:06,"F",12680,"205",536,0,"0.618","0.0"
"525",291145,2020-10-13,20:18:11,"F",12681,"146",426,0,"0.657","0.0"
"526",299435,2020-10-13,20:18:19,"F",12682,"171",519,0,"0.671","0.0"
"527",305045,2020-10-13,20:18:25,"F",12683,"197",522,0,"0.623","0.0"
"528",314065,2020-10-13,20:18:34,"F",12684,"250",741,0,"0.663","0.0"
"529",323905,2020-10-13,20:18:43,"F",12685,"188",601,0,"0.687","0.0"
"530",331895,2020-10-13,20:18:51,"F",12686,"230",606,0,"0.620","0.0"
"531",336785,2020-10-13,20:18:56,"F",12687,"211",616,0,"0.657","0.0"
"532",343575,2020-10-13,20:19:03,"F",12688,"182",527,0,"0.655","0.0"
"533",349985,2020-10-13,20:19:09,"F",12689,"176",404,0,"0.564","0.0"
"534",353155,2020-10-13,20:19:13,"F",12690,"173",515,0,"0.664","0.0"
"535",368705,2020-10-13,20:19:28,"F",12691,"236",644,0,"0.634","0.0"
"536",385105,2020-10-13,20:19:45,"F",12692,"260",637,0,"0.592","0.0"
"537",398005,2020-10-13,20:19:58,"F",12693,"197",535,0,"0.632","0.0"
"538",405825,2020-10-13,20:20:05,"F",12694,"195",540,0,"0.639","0.0"
"539",420775,2020-10-13,20:20:20,"F",12695,"214",655,0,"0.673","0.0"
"540",671005,2020-10-13,20:24:31,"C",NA,"File Nr. 504 | File Dev. ID #1, DIVING-PAM-II:",NA,NA,NA,NA
"541",715365,2020-10-13,20:25:15,"F",12696,"343",873,0,"0.607","0.0"
"542",720575,2020-10-13,20:25:20,"F",12697,"293",732,0,"0.600","0.0"
"543",731795,2020-10-13,20:25:31,"F",12698,"378",716,0,"0.472","0.0"
"544",738775,2020-10-13,20:25:38,"F",12699,"329",618,0,"0.468","0.0"
"545",745255,2020-10-13,20:25:45,"F",12700,"216",504,0,"0.571","0.0"
"546",750095,2020-10-13,20:25:50,"F",12701,"272",644,0,"0.578","0.0"
"547",755945,2020-10-13,20:25:55,"F",12702,"292",706,0,"0.586","0.0"
"548",759785,2020-10-13,20:25:59,"F",12703,"247",551,0,"0.552","0.0"
"549",764645,2020-10-13,20:26:04,"F",12704,"352",720,0,"0.511","0.0"
"550",767765,2020-10-13,20:26:07,"F",12705,"209",534,0,"0.609","0.0"
"551",773925,2020-10-13,20:26:13,"F",12706,"116",481,0,"0.759","0.0"
"552",780305,2020-10-13,20:26:20,"F",12707,"163",460,0,"0.646","0.0"
"553",790055,2020-10-13,20:26:30,"F",12708,"257",614,0,"0.581","0.0"
"554",797175,2020-10-13,20:26:37,"F",12709,"216",530,0,"0.592","0.0"
"555",802985,2020-10-13,20:26:42,"F",12710,"184",414,0,"0.556","0.0"
"556",808775,2020-10-13,20:26:48,"F",12711,"274",607,0,"0.549","0.0"
"557",816865,2020-10-13,20:26:56,"F",12712,"202",515,0,"0.608","0.0"
"558",827575,2020-10-13,20:27:07,"F",12713,"237",489,0,"0.515","0.0"
"559",836295,2020-10-13,20:27:16,"F",12714,"222",457,0,"0.514","0.0"
"560",842305,2020-10-13,20:27:22,"F",12715,"207",522,0,"0.603","0.0"
"561",847645,2020-10-13,20:27:27,"F",12716,"245",655,0,"0.626","0.0"
"562",855455,2020-10-13,20:27:35,"F",12717,"264",588,0,"0.551","0.0"
"563",859185,2020-10-13,20:27:39,"F",12718,"235",516,0,"0.545","0.0"
"564",865125,2020-10-13,20:27:45,"F",12719,"270",616,0,"0.562","0.0"
"565",878985,2020-10-13,20:27:58,"F",12720,"194",508,0,"0.618","0.0"
"566",894705,2020-10-13,20:28:14,"F",12721,"189",544,0,"0.653","0.0"
"567",897135,2020-10-13,20:28:17,"F",12722,"239",616,0,"0.612","0.0"
"568",913175,2020-10-13,20:28:33,"F",12723,"272",642,0,"0.576","0.0"
"569",916475,2020-10-13,20:28:36,"F",12724,"246",596,0,"0.587","0.0"
"570",921285,2020-10-13,20:28:41,"F",12725,"199",473,0,"0.579","0.0"
"571",937625,2020-10-13,20:28:57,"F",12726,"184",431,0,"0.573","0.0"
"572",945705,2020-10-13,20:29:05,"F",12727,"231",572,0,"0.596","0.0"
"573",948215,2020-10-13,20:29:08,"F",12728,"255",560,0,"0.545","0.0"
"574",952075,2020-10-13,20:29:12,"F",12729,"286",576,0,"0.503","0.0"
"575",955975,2020-10-13,20:29:15,"F",12730,"313",583,0,"0.463","0.0"
"576",962365,2020-10-13,20:29:22,"F",12731,"215",682,0,"0.685","0.0"
"577",972955,2020-10-13,20:29:32,"F",12732,"250",896,0,"0.721","0.0"
"578",988845,2020-10-13,20:29:48,"F",12733,"178",540,0,"0.670","0.0"
"579",1003685,2020-10-13,20:30:03,"F",12734,"200",548,0,"0.635","0.0"
"580",1012395,2020-10-13,20:30:12,"F",12735,"245",684,0,"0.642","0.0"
"581",1017285,2020-10-13,20:30:17,"F",12736,"282",627,0,"0.550","0.0"
"582",1023125,2020-10-13,20:30:23,"F",12737,"284",634,0,"0.552","0.0"
"583",1030765,2020-10-13,20:30:30,"F",12738,"284",681,0,"0.583","0.0"
"584",1038405,2020-10-13,20:30:38,"F",12739,"231",535,0,"0.568","0.0"
"585",1044985,2020-10-13,20:30:44,"F",12740,"183",521,0,"0.649","0.0"
"586",1050855,2020-10-13,20:30:50,"F",12741,"171",422,0,"0.595","0.0"
"587",1061005,2020-10-13,20:31:01,"C",NA,"File Nr. 505 | File Dev. ID #1, DIVING-PAM-II:",NA,NA,NA,NA
"588",1098675,2020-10-13,20:31:38,"F",12742,"8",20,0,"-","-"
"589",1108335,2020-10-13,20:31:48,"F",12743,"10",22,0,"-","-"
"590",1117925,2020-10-13,20:31:57,"F",12744,"12",28,0,"-","-"
"591",1133965,2020-10-13,20:32:13,"F",12745,"13",22,0,"-","-"
"592",1140525,2020-10-13,20:32:20,"F",12746,"6",24,0,"-","-"
"593",1154495,2020-10-13,20:32:34,"F",12747,"1",21,0,"-","-"
"594",1161575,2020-10-13,20:32:41,"F",12748,"11",18,0,"-","-"
"595",1166835,2020-10-13,20:32:46,"F",12749,"15",19,0,"-","-"
"596",1172535,2020-10-13,20:32:52,"F",12750,"10",19,0,"-","-"
"597",1178205,2020-10-13,20:32:58,"F",12751,"13",20,0,"-","-"
"598",1192085,2020-10-13,20:33:12,"F",12752,"9",20,0,"-","-"
"599",1199025,2020-10-13,20:33:19,"F",12753,"8",18,0,"-","-"
"600",1208405,2020-10-13,20:33:28,"F",12754,"9",19,0,"-","-"
"601",1214315,2020-10-13,20:33:34,"F",12755,"7",19,0,"-","-"
"602",1223025,2020-10-13,20:33:43,"F",12756,"13",30,0,"-","-"
"603",1231385,2020-10-13,20:33:51,"F",12757,"10",26,0,"-","-"
"604",1240755,2020-10-13,20:34:00,"F",12758,"11",15,0,"-","-"
"605",1250345,2020-10-13,20:34:10,"F",12759,"8",21,0,"-","-"
"606",1258185,2020-10-13,20:34:18,"F",12760,"8",17,0,"-","-"
"607",1265165,2020-10-13,20:34:25,"F",12761,"8",20,0,"-","-"
"608",1272375,2020-10-13,20:34:32,"F",12762,"10",18,0,"-","-"
"609",1280965,2020-10-13,20:34:40,"F",12763,"9",19,0,"-","-"
"610",1371005,2020-10-13,20:36:11,"C",NA,"File Nr. 506 | File Dev. ID #1, DIVING-PAM-II:",NA,NA,NA,NA
"611",1435205,2020-10-13,20:37:15,"F",12764,"185",409,0,"0.548","0.0"
"612",1446765,2020-10-13,20:37:26,"F",12765,"218",608,0,"0.641","0.0"
"613",1451775,2020-10-13,20:37:31,"F",12766,"347",940,0,"0.631","0.0"
"614",1455785,2020-10-13,20:37:35,"F",12767,"333",890,0,"0.626","0.0"
"615",1460545,2020-10-13,20:37:40,"F",12768,"262",567,0,"0.538","0.0"
"616",1465095,2020-10-13,20:37:45,"F",12769,"232",539,0,"0.570","0.0"
"617",1470495,2020-10-13,20:37:50,"F",12770,"329",730,0,"0.549","0.0"
"618",1476925,2020-10-13,20:37:56,"F",12771,"277",624,0,"0.556","0.0"
"619",1485615,2020-10-13,20:38:05,"F",12772,"256",550,0,"0.535","0.0"
"620",1489405,2020-10-13,20:38:09,"F",12773,"259",576,0,"0.550","0.0"
"621",1498025,2020-10-13,20:38:18,"F",12774,"140",282,0,"0.504","0.0"
"622",1504095,2020-10-13,20:38:24,"F",12775,"247",567,0,"0.564","0.0"
"623",1514285,2020-10-13,20:38:34,"F",12776,"197",405,0,"0.514","0.0"
"624",1521025,2020-10-13,20:38:41,"F",12777,"184",373,0,"0.507","0.0"
"625",1526615,2020-10-13,20:38:46,"F",12778,"209",390,0,"0.464","0.0"
"626",1539365,2020-10-13,20:38:59,"F",12779,"233",540,0,"0.569","0.0"
"627",1544955,2020-10-13,20:39:04,"F",12780,"281",713,0,"0.606","0.0"
"628",1550885,2020-10-13,20:39:10,"F",12781,"231",648,0,"0.644","0.0"
"629",1554745,2020-10-13,20:39:14,"F",12782,"282",736,0,"0.617","0.0"
"630",1565635,2020-10-13,20:39:25,"F",12783,"294",551,0,"0.466","0.0"
"631",1570855,2020-10-13,20:39:30,"F",12784,"259",656,0,"0.605","0.0"
"632",1577975,2020-10-13,20:39:37,"F",12785,"219",589,0,"0.628","0.0"
"633",1582025,2020-10-13,20:39:42,"F",12786,"230",570,0,"0.596","0.0"
"634",1588075,2020-10-13,20:39:48,"F",12787,"237",576,0,"0.589","0.0"
"635",1592095,2020-10-13,20:39:52,"F",12788,"265",597,0,"0.556","0.0"
"636",1599435,2020-10-13,20:39:59,"F",12789,"247",592,0,"0.583","0.0"
"637",1602765,2020-10-13,20:40:02,"F",12790,"341",734,0,"0.535","0.0"
"638",1608765,2020-10-13,20:40:08,"F",12791,"236",496,0,"0.524","0.0"
"639",1614225,2020-10-13,20:40:14,"F",12792,"307",651,0,"0.528","0.0"
"640",1626595,2020-10-13,20:40:26,"F",12793,"268",645,0,"0.584","0.0"
"641",1632665,2020-10-13,20:40:32,"F",12794,"262",538,0,"0.513","0.0"
"642",1637485,2020-10-13,20:40:37,"F",12795,"225",368,0,"0.389","0.0"
"643",1643555,2020-10-13,20:40:43,"F",12796,"203",455,0,"0.554","0.0"
"644",1649095,2020-10-13,20:40:49,"F",12797,"349",740,0,"0.528","0.0"
"645",1681135,2020-10-13,20:41:21,"F",12798,"193",533,0,"0.638","0.0"
"646",1686755,2020-10-13,20:41:26,"F",12799,"199",505,0,"0.606","0.0"
"647",1705235,2020-10-13,20:41:45,"F",12800,"227",438,0,"0.482","0.0"
"648",1711335,2020-10-13,20:41:51,"F",12801,"295",584,0,"0.495","0.0"
"649",1720575,2020-10-13,20:42:00,"F",12802,"223",512,0,"0.564","0.0"
"650",1724485,2020-10-13,20:42:04,"F",12803,"208",496,0,"0.581","0.0"
"651",1735365,2020-10-13,20:42:15,"F",12804,"207",471,0,"0.561","0.0"
"652",1746915,2020-10-13,20:42:26,"F",12805,"194",431,0,"0.550","0.0"
"653",1761465,2020-10-13,20:42:41,"F",12806,"275",615,0,"0.553","0.0"
"654",1778455,2020-10-13,20:42:58,"F",12807,"167",376,0,"0.556","0.0"
"655",1784055,2020-10-13,20:43:04,"F",12808,"277",630,0,"0.560","0.0"
"656",1795115,2020-10-13,20:43:15,"F",12809,"252",589,0,"0.572","0.0"
"657",1928005,2020-10-13,20:45:28,"C",NA,"File Nr. 507 | File Dev. ID #1, DIVING-PAM-II:",NA,NA,NA,NA
"658",1942465,2020-10-13,20:45:42,"F",12810,"365",1022,0,"0.643","0.0"
"659",1952705,2020-10-13,20:45:52,"F",12811,"208",577,0,"0.640","0.0"
"660",1956025,2020-10-13,20:45:56,"F",12812,"266",779,0,"0.659","0.0"
"661",1962815,2020-10-13,20:46:02,"F",12813,"310",856,0,"0.638","0.0"
"662",1966545,2020-10-13,20:46:06,"F",12814,"247",710,0,"0.652","0.0"
"663",1977315,2020-10-13,20:46:17,"F",12815,"170",715,0,"0.762","0.0"
"664",1982715,2020-10-13,20:46:22,"F",12816,"202",556,0,"0.637","0.0"
"665",1990835,2020-10-13,20:46:30,"F",12817,"222",647,0,"0.657","0.0"
"666",1996535,2020-10-13,20:46:36,"F",12818,"175",485,0,"0.639","0.0"
"667",2002045,2020-10-13,20:46:42,"F",12819,"321",1079,0,"0.703","0.0"
"668",2006185,2020-10-13,20:46:46,"F",12820,"332",986,0,"0.663","0.0"
"669",2011075,2020-10-13,20:46:51,"F",12821,"391",933,0,"0.581","0.0"
"670",2026775,2020-10-13,20:47:06,"F",12822,"229",575,0,"0.602","0.0"
"671",2036635,2020-10-13,20:47:16,"F",12823,"123",464,0,"0.735","0.0"
"672",2042215,2020-10-13,20:47:22,"F",12824,"229",508,0,"0.549","0.0"
"673",2065525,2020-10-13,20:47:45,"F",12825,"272",695,0,"0.609","0.0"
"674",2071945,2020-10-13,20:47:51,"F",12826,"261",705,0,"0.630","0.0"
"675",2083315,2020-10-13,20:48:03,"F",12827,"268",851,0,"0.685","0.0"
"676",2093875,2020-10-13,20:48:13,"F",12828,"152",451,0,"0.663","0.0"
"677",2101525,2020-10-13,20:48:21,"F",12829,"126",911,0,"0.862","0.0"
"678",2106645,2020-10-13,20:48:26,"F",12830,"215",622,0,"0.654","0.0"
"679",2115525,2020-10-13,20:48:35,"F",12831,"342",989,0,"0.654","0.0"
"680",2127775,2020-10-13,20:48:47,"F",12832,"287",824,0,"0.652","0.0"
"681",2132795,2020-10-13,20:48:52,"F",12833,"170",402,0,"0.577","0.0"
"682",2150675,2020-10-13,20:49:10,"F",12834,"242",782,0,"0.691","0.0"
"683",2153295,2020-10-13,20:49:13,"F",12835,"375",843,0,"0.555","0.0"
"684",2173685,2020-10-13,20:49:33,"F",12836,"220",499,0,"0.559","0.0"
"685",2178375,2020-10-13,20:49:38,"F",12837,"226",516,0,"0.562","0.0"
"686",2189575,2020-10-13,20:49:49,"F",12838,"236",788,0,"0.701","0.0"
"687",2194385,2020-10-13,20:49:54,"F",12839,"234",685,0,"0.658","0.0"
"688",2206315,2020-10-13,20:50:06,"F",12840,"198",672,0,"0.705","0.0"
"689",2214175,2020-10-13,20:50:14,"F",12841,"246",619,0,"0.603","0.0"
"690",2221855,2020-10-13,20:50:21,"F",12842,"163",445,0,"0.634","0.0"
"691",2230025,2020-10-13,20:50:30,"F",12843,"222",595,0,"0.627","0.0"
"692",2249165,2020-10-13,20:50:49,"F",12844,"191",513,0,"0.628","0.0"
"693",2262145,2020-10-13,20:51:02,"F",12845,"193",781,0,"0.753","0.0"
"694",2272125,2020-10-13,20:51:12,"F",12846,"205",638,0,"0.679","0.0"
"695",2277065,2020-10-13,20:51:17,"F",12847,"242",698,0,"0.653","0.0"
"696",2286535,2020-10-13,20:51:26,"F",12848,"297",841,0,"0.647","0.0"
"697",2290355,2020-10-13,20:51:30,"F",12849,"246",657,0,"0.626","0.0"
"698",2299745,2020-10-13,20:51:39,"F",12850,"301",849,0,"0.645","0.0"
"699",2306645,2020-10-13,20:51:46,"F",12851,"259",692,0,"0.626","0.0"
"700",2315885,2020-10-13,20:51:55,"F",12852,"154",391,0,"0.606","0.0"
"701",2332255,2020-10-13,20:52:12,"F",12853,"147",576,0,"0.745","0.0"
"702",2339485,2020-10-13,20:52:19,"F",12854,"135",292,0,"0.538","0.0"
"703",2346195,2020-10-13,20:52:26,"F",12855,"230",679,0,"0.661","0.0"
"704",2363415,2020-10-13,20:52:43,"F",12856,"237",793,0,"0.701","0.0"
"705",2372985,2020-10-13,20:52:52,"F",12857,"228",690,0,"0.670","0.0"
"706",2381025,2020-10-13,20:53:01,"F",12858,"281",786,0,"0.642","0.0"
"707",2395255,2020-10-13,20:53:15,"F",12859,"220",605,0,"0.636","0.0"
"708",2414345,2020-10-13,20:53:34,"F",12860,"118",352,0,"0.665","0.0"
"709",2421355,2020-10-13,20:53:41,"F",12861,"212",756,0,"0.720","0.0"
"710",2428195,2020-10-13,20:53:48,"F",12862,"236",721,0,"0.673","0.0"
"711",2435025,2020-10-13,20:53:55,"F",12863,"241",573,0,"0.579","0.0"
"712",2463005,2020-10-13,20:54:23,"C",NA,"File Nr. 508 | File Dev. ID #1, DIVING-PAM-II:",NA,NA,NA,NA
"713",2540175,2020-10-13,20:55:40,"F",12864,"10",14,0,"-","-"
"714",2546215,2020-10-13,20:55:46,"F",12865,"14",19,0,"-","-"
"715",2552785,2020-10-13,20:55:52,"F",12866,"10",21,0,"-","-"
"716",2557735,2020-10-13,20:55:57,"F",12867,"8",15,0,"-","-"
"717",2563985,2020-10-13,20:56:03,"F",12868,"4",25,0,"-","-"
"718",2568565,2020-10-13,20:56:08,"F",12869,"3",20,0,"-","-"
"719",2577235,2020-10-13,20:56:17,"F",12870,"11",18,0,"-","-"
"720",2587755,2020-10-13,20:56:27,"F",12871,"11",17,0,"-","-"
"721",2594165,2020-10-13,20:56:34,"F",12872,"4",24,0,"-","-"
"722",2605705,2020-10-13,20:56:45,"F",12873,"7",14,0,"-","-"
"723",2611725,2020-10-13,20:56:51,"F",12874,"9",21,0,"-","-"
"724",2618345,2020-10-13,20:56:58,"F",12875,"9",16,0,"-","-"
"725",2625675,2020-10-13,20:57:05,"F",12876,"12",17,0,"-","-"
"726",2639855,2020-10-13,20:57:19,"F",12877,"13",17,0,"-","-"
"727",2647205,2020-10-13,20:57:27,"F",12878,"10",20,0,"-","-"
"728",2655125,2020-10-13,20:57:35,"F",12879,"8",21,0,"-","-"
"729",2663365,2020-10-13,20:57:43,"F",12880,"13",17,0,"-","-"
"730",2669675,2020-10-13,20:57:49,"F",12881,"12",16,0,"-","-"
"731",2766335,2020-10-13,20:59:26,"F",12882,"9",24,0,"-","-"
"732",2772675,2020-10-13,20:59:32,"F",12883,"9",20,0,"-","-"
"733",2778405,2020-10-13,20:59:38,"F",12884,"9",21,0,"-","-"
"734",2789295,2020-10-13,20:59:49,"F",12885,"13",21,0,"-","-"
"735",2813005,2020-10-13,21:00:13,"C",NA,"File Nr. 509 | File Dev. ID #1, DIVING-PAM-II:",NA,NA,NA,NA
"736",2852675,2020-10-13,21:00:52,"F",12886,"348",964,0,"0.639","0.0"
"737",2858965,2020-10-13,21:00:58,"F",12887,"342",890,0,"0.616","0.0"
"738",2866025,2020-10-13,21:01:06,"F",12888,"237",662,0,"0.642","0.0"
"739",2872585,2020-10-13,21:01:12,"F",12889,"222",633,0,"0.649","0.0"
"740",2877555,2020-10-13,21:01:17,"F",12890,"242",714,0,"0.661","0.0"
"741",2890485,2020-10-13,21:01:30,"F",12891,"206",592,0,"0.652","0.0"
"742",2898125,2020-10-13,21:01:38,"F",12892,"311",774,0,"0.598","0.0"
"743",2902835,2020-10-13,21:01:42,"F",12893,"284",715,0,"0.603","0.0"
"744",2908415,2020-10-13,21:01:48,"F",12894,"241",561,0,"0.570","0.0"
"745",2914525,2020-10-13,21:01:54,"F",12895,"216",528,0,"0.591","0.0"
"746",2926975,2020-10-13,21:02:06,"F",12896,"217",605,0,"0.641","0.0"
"747",2932695,2020-10-13,21:02:12,"F",12897,"251",759,0,"0.669","0.0"
"748",2938385,2020-10-13,21:02:18,"F",12898,"206",614,0,"0.664","0.0"
"749",2942835,2020-10-13,21:02:22,"F",12899,"250",652,0,"0.617","0.0"
"750",2950975,2020-10-13,21:02:30,"F",12900,"198",547,0,"0.638","0.0"
"751",2954865,2020-10-13,21:02:34,"F",12901,"257",694,0,"0.630","0.0"
"752",2961595,2020-10-13,21:02:41,"F",12902,"240",664,0,"0.639","0.0"
"753",2965875,2020-10-13,21:02:45,"F",12903,"327",851,0,"0.616","0.0"
"754",2975375,2020-10-13,21:02:55,"F",12904,"253",698,0,"0.638","0.0"
"755",2980905,2020-10-13,21:03:00,"F",12905,"254",718,0,"0.646","0.0"
"756",2994915,2020-10-13,21:03:14,"F",12906,"168",483,0,"0.652","0.0"
"757",2999145,2020-10-13,21:03:19,"F",12907,"181",639,0,"0.717","0.0"
"758",3003935,2020-10-13,21:03:23,"F",12908,"196",464,0,"0.578","0.0"
"759",3019075,2020-10-13,21:03:39,"F",12909,"261",706,0,"0.630","0.0"
"760",3027195,2020-10-13,21:03:47,"F",12910,"196",504,0,"0.611","0.0"
"761",3038655,2020-10-13,21:03:58,"F",12911,"177",511,0,"0.654","0.0"
"762",3042645,2020-10-13,21:04:02,"F",12912,"278",843,0,"0.670","0.0"
"763",3048105,2020-10-13,21:04:08,"F",12913,"247",774,0,"0.681","0.0"
"764",3052535,2020-10-13,21:04:12,"F",12914,"228",697,0,"0.673","0.0"
"765",3061695,2020-10-13,21:04:21,"F",12915,"209",531,0,"0.606","0.0"
"766",3065405,2020-10-13,21:04:25,"F",12916,"215",556,0,"0.613","0.0"
"767",3071355,2020-10-13,21:04:31,"F",12917,"218",570,0,"0.618","0.0"
"768",3079735,2020-10-13,21:04:39,"F",12918,"206",495,0,"0.584","0.0"
"769",3087935,2020-10-13,21:04:47,"F",12919,"249",679,0,"0.633","0.0"
"770",3098395,2020-10-13,21:04:58,"F",12920,"155",423,0,"0.634","0.0"
"771",3109535,2020-10-13,21:05:09,"F",12921,"195",470,0,"0.585","0.0"
"772",3116275,2020-10-13,21:05:16,"F",12922,"183",543,0,"0.663","0.0"
"773",3123885,2020-10-13,21:05:23,"F",12923,"192",538,0,"0.643","0.0"
"774",3128845,2020-10-13,21:05:28,"F",12924,"225",610,0,"0.631","0.0"
"775",3139275,2020-10-13,21:05:39,"F",12925,"204",577,0,"0.646","0.0"
"776",3144905,2020-10-13,21:05:44,"F",12926,"244",703,0,"0.653","0.0"
"777",3154175,2020-10-13,21:05:54,"F",12927,"222",665,0,"0.666","0.0"
"778",3161695,2020-10-13,21:06:01,"F",12928,"196",632,0,"0.690","0.0"
"779",3172585,2020-10-13,21:06:12,"F",12929,"188",489,0,"0.616","0.0"
"780",3201025,2020-10-13,21:06:41,"F",12930,"266",921,0,"0.711","0.0"
"781",3279005,2020-10-13,21:07:59,"C",NA,"File Nr. 510 | File Dev. ID #1, DIVING-PAM-II:",NA,NA,NA,NA
"782",3280005,2020-10-13,21:08:00,"C",NA,"File Nr. 511 | File Dev. ID #1, DIVING-PAM-II:",NA,NA,NA,NA
"783",3475425,2020-10-13,21:11:15,"F",12931,"227",700,0,"0.676","0.0"
"784",3482595,2020-10-13,21:11:22,"F",12932,"222",624,0,"0.644","0.0"
"785",3495185,2020-10-13,21:11:35,"F",12933,"186",435,0,"0.572","0.0"
"786",3500655,2020-10-13,21:11:40,"F",12934,"220",516,0,"0.574","0.0"
"787",3508585,2020-10-13,21:11:48,"F",12935,"160",416,0,"0.615","0.0"
"788",3513325,2020-10-13,21:11:53,"F",12936,"221",610,0,"0.638","0.0"
"789",3519305,2020-10-13,21:11:59,"F",12937,"208",598,0,"0.652","0.0"
"790",3523695,2020-10-13,21:12:03,"F",12938,"278",716,0,"0.612","0.0"
"791",3528175,2020-10-13,21:12:08,"F",12939,"283",933,0,"0.697","0.0"
"792",3534295,2020-10-13,21:12:14,"F",12940,"325",834,0,"0.610","0.0"
"793",3548035,2020-10-13,21:12:28,"F",12941,"270",769,0,"0.649","0.0"
"794",3554445,2020-10-13,21:12:34,"F",12942,"279",730,0,"0.618","0.0"
"795",3559395,2020-10-13,21:12:39,"F",12943,"226",594,0,"0.620","0.0"
"796",3563975,2020-10-13,21:12:43,"F",12944,"223",564,0,"0.605","0.0"
"797",3571675,2020-10-13,21:12:51,"F",12945,"207",614,0,"0.663","0.0"
"798",3579855,2020-10-13,21:12:59,"F",12946,"265",803,0,"0.670","0.0"
"799",3589085,2020-10-13,21:13:09,"F",12947,"274",734,0,"0.627","0.0"
"800",3600535,2020-10-13,21:13:20,"F",12948,"200",518,0,"0.614","0.0"
"801",3607125,2020-10-13,21:13:27,"F",12949,"240",694,0,"0.654","0.0"
"802",3622865,2020-10-13,21:13:42,"F",12950,"219",623,0,"0.648","0.0"
"803",3628465,2020-10-13,21:13:48,"F",12951,"218",622,0,"0.650","0.0"
"804",3632025,2020-10-13,21:13:52,"F",12952,"253",734,0,"0.655","0.0"
"805",3637475,2020-10-13,21:13:57,"F",12953,"254",736,0,"0.655","0.0"
"806",3642525,2020-10-13,21:14:02,"F",12954,"228",708,0,"0.678","0.0"
"807",3646685,2020-10-13,21:14:06,"F",12955,"309",666,0,"0.536","0.0"
"808",3678255,2020-10-13,21:14:38,"F",12956,"291",868,0,"0.665","0.0"
"809",3694435,2020-10-13,21:14:54,"F",12957,"365",1019,0,"0.642","0.0"
"810",3699925,2020-10-13,21:14:59,"F",12958,"270",665,0,"0.594","0.0"
"811",3704885,2020-10-13,21:15:04,"F",12959,"214",569,0,"0.624","0.0"
"812",3712075,2020-10-13,21:15:12,"F",12960,"218",595,0,"0.634","0.0"
"813",3721335,2020-10-13,21:15:21,"F",12961,"208",721,0,"0.712","0.0"
"814",3725565,2020-10-13,21:15:25,"F",12962,"306",848,0,"0.639","0.0"
"815",3743485,2020-10-13,21:15:43,"F",12963,"141",491,0,"0.713","0.0"
"816",3752595,2020-10-13,21:15:52,"F",12964,"194",543,0,"0.643","0.0"
"817",3768995,2020-10-13,21:16:08,"F",12965,"167",400,0,"0.583","0.0"
"818",3785745,2020-10-13,21:16:25,"F",12966,"226",801,0,"0.718","0.0"
"819",3790545,2020-10-13,21:16:30,"F",12967,"240",759,0,"0.684","0.0"
"820",3797965,2020-10-13,21:16:37,"F",12968,"243",685,0,"0.645","0.0"
"821",3804775,2020-10-13,21:16:44,"F",12969,"244",611,0,"0.601","0.0"
"822",3811545,2020-10-13,21:16:51,"F",12970,"249",786,0,"0.683","0.0"
"823",3818315,2020-10-13,21:16:58,"F",12971,"230",618,0,"0.628","0.0"
"824",3826095,2020-10-13,21:17:06,"F",12972,"188",497,0,"0.622","0.0"
"825",3836035,2020-10-13,21:17:16,"F",12973,"179",646,0,"0.723","0.0"
"826",3846315,2020-10-13,21:17:26,"F",12974,"167",497,0,"0.664","0.0"
"827",3855215,2020-10-13,21:17:35,"F",12975,"206",551,0,"0.626","0.0"
"828",3864125,2020-10-13,21:17:44,"F",12976,"190",517,0,"0.632","0.0"
"829",3876235,2020-10-13,21:17:56,"F",12977,"207",609,0,"0.660","0.0"
"830",3906005,2020-10-13,21:18:26,"C",NA,"File Nr. 512 | File Dev. ID #1, DIVING-PAM-II:",NA,NA,NA,NA
"831",3937115,2020-10-13,21:18:57,"F",12978,"334",949,0,"0.648","0.0"
"832",3947735,2020-10-13,21:19:07,"F",12979,"206",580,0,"0.645","0.0"
"833",3954495,2020-10-13,21:19:14,"F",12980,"243",673,0,"0.639","0.0"
"834",3958625,2020-10-13,21:19:18,"F",12981,"237",533,0,"0.555","0.0"
"835",3970255,2020-10-13,21:19:30,"F",12982,"210",545,0,"0.615","0.0"
"836",3984045,2020-10-13,21:19:44,"F",12983,"279",713,0,"0.609","0.0"
"837",3988445,2020-10-13,21:19:48,"F",12984,"301",842,0,"0.643","0.0"
"838",3997785,2020-10-13,21:19:57,"F",12985,"326",778,0,"0.581","0.0"
"839",4005325,2020-10-13,21:20:05,"F",12986,"225",669,0,"0.664","0.0"
"840",4011665,2020-10-13,21:20:11,"F",12987,"209",523,0,"0.600","0.0"
"841",4084855,2020-10-13,21:21:24,"F",12988,"215",547,0,"0.607","0.0"
"842",4090315,2020-10-13,21:21:30,"F",12989,"225",576,0,"0.609","0.0"
"843",4094285,2020-10-13,21:21:34,"F",12990,"232",673,0,"0.655","0.0"
"844",4097865,2020-10-13,21:21:37,"F",12991,"231",648,0,"0.644","0.0"
"845",4104225,2020-10-13,21:21:44,"F",12992,"256",624,0,"0.590","0.0"
"846",4108335,2020-10-13,21:21:48,"F",12993,"224",394,0,"0.431","0.0"
"847",4113055,2020-10-13,21:21:53,"F",12994,"228",583,0,"0.609","0.0"
"848",4117115,2020-10-13,21:21:57,"F",12995,"215",590,0,"0.636","0.0"
"849",4125335,2020-10-13,21:22:05,"F",12996,"219",556,0,"0.606","0.0"
"850",4131465,2020-10-13,21:22:11,"F",12997,"236",629,0,"0.625","0.0"
"851",4138955,2020-10-13,21:22:18,"F",12998,"199",565,0,"0.648","0.0"
"852",4142045,2020-10-13,21:22:22,"F",12999,"194",559,0,"0.653","0.0"
"853",4149625,2020-10-13,21:22:29,"F",13000,"242",658,0,"0.632","0.0"
"854",4158575,2020-10-13,21:22:38,"F",13001,"309",773,0,"0.600","0.0"
"855",4165475,2020-10-13,21:22:45,"F",13002,"177",782,0,"0.774","0.0"
"856",4174745,2020-10-13,21:22:54,"F",13003,"209",502,0,"0.584","0.0"
"857",4247875,2020-10-13,21:24:07,"F",13004,"227",585,0,"0.612","0.0"
"858",4251185,2020-10-13,21:24:11,"F",13005,"307",706,0,"0.565","0.0"
"859",4269455,2020-10-13,21:24:29,"F",13006,"203",465,0,"0.563","0.0"
"860",4272795,2020-10-13,21:24:32,"F",13007,"217",490,0,"0.557","0.0"
"861",4277445,2020-10-13,21:24:37,"F",13008,"242",640,0,"0.622","0.0"
"862",4281315,2020-10-13,21:24:41,"F",13009,"194",522,0,"0.628","0.0"
"863",4292525,2020-10-13,21:24:52,"F",13010,"161",426,0,"0.622","0.0"
"864",4296705,2020-10-13,21:24:56,"F",13011,"185",556,0,"0.667","0.0"
"865",4302055,2020-10-13,21:25:02,"F",13012,"287",707,0,"0.594","0.0"
"866",4313075,2020-10-13,21:25:13,"F",13013,"230",657,0,"0.650","0.0"
"867",4319215,2020-10-13,21:25:19,"F",13014,"272",674,0,"0.596","0.0"
"868",4324385,2020-10-13,21:25:24,"F",13015,"230",593,0,"0.612","0.0"
"869",4344665,2020-10-13,21:25:44,"F",13016,"191",540,0,"0.646","0.0"
"870",4350065,2020-10-13,21:25:50,"F",13017,"167",469,0,"0.644","0.0"
"871",4357975,2020-10-13,21:25:57,"F",13018,"223",604,0,"0.631","0.0"
"872",4361025,2020-10-13,21:26:01,"F",13019,"186",470,0,"0.604","0.0"
"873",4366885,2020-10-13,21:26:06,"F",13020,"240",598,0,"0.599","0.0"
"874",4370995,2020-10-13,21:26:10,"F",13021,"202",576,0,"0.649","0.0"
"875",4400735,2020-10-13,21:26:40,"F",13022,"249",717,0,"0.653","0.0"
"876",4408335,2020-10-13,21:26:48,"F",13023,"172",604,0,"0.715","0.0"
"877",4421845,2020-10-13,21:27:01,"F",13024,"167",458,0,"0.635","0.0"
"878",4430045,2020-10-13,21:27:10,"F",13025,"181",497,0,"0.636","0.0"
"879",4443135,2020-10-13,21:27:23,"F",13026,"299",879,0,"0.660","0.0"
"880",4449575,2020-10-13,21:27:29,"F",13027,"346",850,0,"0.593","0.0"
"881",4452245,2020-10-13,21:27:32,"F",13028,"297",722,0,"0.589","0.0"
"882",4461245,2020-10-13,21:27:41,"F",13029,"249",723,0,"0.656","0.0"
"883",4467385,2020-10-13,21:27:47,"F",13030,"198",685,0,"0.711","0.0"
